user_id,original_lon,original_lat,anonymized_lon,anonymized_lat,timestamp,cluster_id
20,39.9751616666667,116.319621666667,39.97470186182941,116.349232810758,2011-09-04 14:41:06,0
119,39.954078,116.493382,39.97470186182941,116.349232810758,2008-08-04 17:01:21,0
4,39.941662,116.455956,39.97470186182941,116.349232810758,2009-02-23 02:43:03,0
58,39.9783883333333,116.308788333333,39.97470186182941,116.349232810758,2011-08-30 00:45:25,0
52,39.985108,116.352566,39.97470186182941,116.349232810758,2008-06-04 18:42:55,0
96,40.008075,116.319242,39.97470186182941,116.349232810758,2008-08-27 14:00:04,0
153,39.981014802,116.303548548,39.97470186182941,116.349232810758,2012-04-08 18:39:31,0
42,39.8852049,116.3424716,39.97470186182941,116.349232810758,2009-03-26 02:46:09,0
9,39.999633,116.341169,39.97470186182941,116.349232810758,2008-12-10 00:27:06,0
85,40.067042,116.404917,39.97470186182941,116.349232810758,2009-09-11 15:40:51,0
141,39.9755183333333,116.327575,39.97470186182941,116.349232810758,2011-08-29 10:43:02,0
122,39.968094,116.399576,39.97470186182941,116.349232810758,2009-05-24 22:13:29,0
71,39.986355,116.373398333333,39.97470186182941,116.349232810758,2012-05-05 10:01:22,0
153,39.931585,116.456207,39.97470186182941,116.349232810758,2008-10-03 13:19:29,0
153,39.961304,116.476313,39.97470186182941,116.349232810758,2009-10-11 10:39:06,0
165,39.979735,116.308686666667,39.97470186182941,116.349232810758,2011-11-19 08:25:10,0
39,39.978956,116.341634,39.97470186182941,116.349232810758,2009-07-11 08:13:47,0
25,39.9787683,116.3108316,39.97470186182941,116.349232810758,2009-05-26 06:00:19,0
17,39.9612949,116.2690316,39.97470186182941,116.349232810758,2009-04-16 10:07:08,0
35,39.9841,116.317581,39.97470186182941,116.349232810758,2009-02-26 22:07:58,0
85,39.981373,116.327521,39.97470186182941,116.349232810758,2008-11-16 03:49:58,0
96,39.975058,116.341853,39.97470186182941,116.349232810758,2008-11-17 06:23:28,0
10,40.068633,116.363776,39.97470186182941,116.349232810758,2008-08-01 03:12:03,0
142,39.944353,116.294185,39.97470186182941,116.349232810758,2010-06-25 11:33:05,0
38,39.9684366,116.3099683,39.97470186182941,116.349232810758,2009-03-09 01:58:37,0
22,39.965327,116.314966,39.97470186182941,116.349232810758,2009-03-21 07:49:14,0
41,39.8657416,116.3025,39.97470186182941,116.349232810758,2009-05-07 02:20:52,0
52,39.98663,116.392583,39.97470186182941,116.349232810758,2008-07-09 21:25:20,0
0,40.000656,116.327165,39.97470186182941,116.349232810758,2009-05-08 02:08:12,0
128,40.2308366,116.5170849,39.97470186182941,116.349232810758,2009-06-14 00:49:17,0
128,40.0957483,116.2898066,39.97470186182941,116.349232810758,2008-05-18 08:20:09,0
153,39.784803,116.186815,39.97470186182941,116.349232810758,2011-05-02 12:30:45,0
128,40.0121983,116.3551666,39.97470186182941,116.349232810758,2009-07-31 13:06:20,0
115,40.0137916,116.4718966,39.97470186182941,116.349232810758,2008-05-28 09:41:39,0
68,39.972437,116.418968,39.97470186182941,116.349232810758,2008-11-08 06:50:15,0
35,39.977486,116.327111,39.97470186182941,116.349232810758,2009-04-02 06:30:32,0
168,40.069232,116.328474,39.97470186182941,116.349232810758,2009-10-08 23:17:49,0
13,39.967113,116.389916,39.97470186182941,116.349232810758,2008-11-03 09:55:37,0
128,39.9459383,116.3356949,39.97470186182941,116.349232810758,2008-05-04 07:00:48,0
22,39.970808,116.304037,39.97470186182941,116.349232810758,2009-02-07 00:03:23,0
8,39.981352,116.327405,39.97470186182941,116.349232810758,2008-12-01 05:58:26,0
52,39.985155,116.353667,39.97470186182941,116.349232810758,2008-06-09 12:48:45,0
68,39.956607,116.418479,39.97470186182941,116.349232810758,2009-01-02 02:27:15,0
167,39.974905,116.315105,39.97470186182941,116.349232810758,2008-10-19 13:04:27,0
144,39.8862149,116.1225949,39.97470186182941,116.349232810758,2009-02-20 23:34:56,0
156,39.867011,116.491188,39.97470186182941,116.349232810758,2009-07-11 04:00:21,0
153,40.217451,116.214552,39.97470186182941,116.349232810758,2009-07-09 06:28:12,0
25,39.9843399,116.3108516,39.97470186182941,116.349232810758,2009-05-06 13:08:06,0
4,39.994834,116.326361,39.97470186182941,116.349232810758,2009-01-01 10:43:52,0
167,39.96063,116.413482,39.97470186182941,116.349232810758,2008-07-06 12:10:46,0
3,40.009889,116.322583,39.97470186182941,116.349232810758,2008-12-22 04:06:13,0
36,39.972134,116.338682,39.97470186182941,116.349232810758,2009-04-05 11:51:02,0
17,39.9647516,116.3740733,39.97470186182941,116.349232810758,2008-12-02 06:38:16,0
35,39.981885,116.321132,39.97470186182941,116.349232810758,2009-03-19 09:58:55,0
52,39.989528,116.307343,39.97470186182941,116.349232810758,2008-05-25 07:19:11,0
141,39.9833866666667,116.29882,39.97470186182941,116.349232810758,2011-09-18 09:33:43,0
163,39.966126,116.320998,39.97470186182941,116.349232810758,2010-02-19 02:52:49,0
78,40.014499,116.542993,39.97470186182941,116.349232810758,2008-05-30 08:30:41,0
153,39.98258,116.450781,39.97470186182941,116.349232810758,2010-06-25 00:02:09,0
35,39.977407,116.327626,39.97470186182941,116.349232810758,2009-04-03 06:44:52,0
59,39.975415,116.324238333333,39.97470186182941,116.349232810758,2011-08-29 10:38:27,0
17,39.9869883,116.4000066,39.97470186182941,116.349232810758,2009-06-11 07:18:02,0
128,40.0763666,116.3227649,39.97470186182941,116.349232810758,2010-11-15 00:40:06,0
17,39.9250149,116.3436516,39.97470186182941,116.349232810758,2008-12-26 05:28:33,0
17,39.9693683,116.3320966,39.97470186182941,116.349232810758,2009-01-15 10:55:46,0
50,39.8962364166667,116.306320183333,39.97470186182941,116.349232810758,2009-08-04 10:25:14,0
17,39.9850716,116.3392949,39.97470186182941,116.349232810758,2009-04-02 11:25:46,0
163,39.985627,116.44807,39.97470186182941,116.349232810758,2010-10-29 18:46:33,0
41,39.9750733,116.3818199,39.97470186182941,116.349232810758,2009-06-24 05:28:06,0
128,39.9989533,116.2676666,39.97470186182941,116.349232810758,2008-12-18 08:54:54,0
163,39.96776,116.409085,39.97470186182941,116.349232810758,2008-05-11 14:13:30,0
13,39.975314,116.332438,39.97470186182941,116.349232810758,2009-02-15 06:33:59,0
126,40.004887,116.320611,39.97470186182941,116.349232810758,2008-10-16 10:28:32,0
50,39.99448395,116.1990509,39.97470186182941,116.349232810758,2009-07-31 14:31:30,0
25,39.9148433,116.4662316,39.97470186182941,116.349232810758,2008-12-19 03:14:09,0
36,39.976141,116.337458,39.97470186182941,116.349232810758,2009-04-12 17:36:24,0
36,39.97677,116.339432,39.97470186182941,116.349232810758,2009-03-22 16:39:40,0
78,39.9724616,116.3268216,39.97470186182941,116.349232810758,2008-05-07 23:00:22,0
41,39.8964566,116.3379116,39.97470186182941,116.349232810758,2009-03-13 02:11:15,0
41,39.9204433,116.3040983,39.97470186182941,116.349232810758,2009-02-25 07:36:36,0
85,39.982309,116.309465,39.97470186182941,116.349232810758,2008-10-16 03:39:35,0
153,40.03423572,116.589915695,39.97470186182941,116.349232810758,2012-01-15 17:12:53,0
96,40.001014,116.324593,39.97470186182941,116.349232810758,2008-10-27 15:38:45,0
128,39.9673349,116.3433166,39.97470186182941,116.349232810758,2009-03-11 13:34:12,0
68,39.941707,116.419357,39.97470186182941,116.349232810758,2009-03-11 06:16:26,0
84,39.988325,116.431378,39.97470186182941,116.349232810758,2008-08-03 09:38:39,0
128,40.0762716,116.3246783,39.97470186182941,116.349232810758,2008-05-16 14:27:51,0
64,39.998373,116.385627,39.97470186182941,116.349232810758,2008-08-16 08:09:34,0
65,39.94346,116.099696666667,39.97470186182941,116.349232810758,2011-10-05 07:41:42,0
85,39.912433,116.334449,39.97470186182941,116.349232810758,2009-03-06 11:17:08,0
147,39.975192,116.341556,39.97470186182941,116.349232810758,2011-05-15 09:36:58,0
2,39.915435,116.339504,39.97470186182941,116.349232810758,2009-02-07 08:11:50,0
128,39.981935,116.3244966,39.97470186182941,116.349232810758,2010-07-20 09:52:50,0
39,40.072537,116.413099,39.97470186182941,116.349232810758,2009-05-25 00:02:56,0
22,39.973211,116.333922,39.97470186182941,116.349232810758,2009-03-07 03:25:21,0
41,39.8961749,116.2678349,39.97470186182941,116.349232810758,2009-03-09 11:42:17,0
153,39.93599,116.455872,39.97470186182941,116.349232810758,2009-08-06 05:19:40,0
112,39.9730566,116.3274849,39.97470186182941,116.349232810758,2008-06-03 01:46:35,0
44,40.037409,116.309906,39.97470186182941,116.349232810758,2009-03-08 23:38:37,0
65,40.023675,116.346223333333,39.97470186182941,116.349232810758,2011-08-28 07:37:41,0
85,39.975646,116.327262,39.97470186182941,116.349232810758,2008-11-08 06:22:31,0
42,39.6918516,116.3418283,39.97470186182941,116.349232810758,2009-03-23 07:01:28,0
30,40.00045,116.325098,39.97470186182941,116.349232810758,2009-02-15 05:45:56,0
163,39.982776,116.443314,39.97470186182941,116.349232810758,2010-07-10 11:21:19,0
41,40.0111999,116.2734099,39.97470186182941,116.349232810758,2009-07-08 23:36:12,0
17,39.9846266,116.3265583,39.97470186182941,116.349232810758,2009-04-11 00:39:37,0
92,39.9697616,116.3033649,39.97470186182941,116.349232810758,2008-06-21 13:29:12,0
52,39.9844,116.311583333333,39.97470186182941,116.349232810758,2008-02-23 04:41:56,0
41,39.8706416,116.4023499,39.97470186182941,116.349232810758,2009-06-01 06:13:47,0
16,39.975019,116.324226,39.97470186182941,116.349232810758,2008-10-31 01:15:30,0
71,39.97725,116.342911666667,39.97470186182941,116.349232810758,2012-04-07 11:29:56,0
25,39.9456266,116.4021883,39.97470186182941,116.349232810758,2009-06-20 00:56:10,0
92,39.9713266,116.3035733,39.97470186182941,116.349232810758,2008-07-24 02:41:54,0
13,39.969808,116.374911,39.97470186182941,116.349232810758,2008-11-10 23:47:48,0
22,40.060288,116.182194,39.97470186182941,116.349232810758,2009-06-29 08:15:10,0
153,39.894271,116.454514,39.97470186182941,116.349232810758,2008-11-24 07:16:04,0
167,39.980073,116.310941,39.97470186182941,116.349232810758,2008-05-21 10:11:31,0
68,39.963721,116.268479,39.97470186182941,116.349232810758,2009-08-05 19:17:24,0
153,39.972493925,116.441546544,39.97470186182941,116.349232810758,2012-04-07 12:05:00,0
14,39.9862266,116.38022,39.97470186182941,116.349232810758,2009-02-27 04:24:29,0
113,39.998928,116.380496,39.97470186182941,116.349232810758,2010-05-27 01:13:19,0
141,39.975135,116.315953333333,39.97470186182941,116.349232810758,2011-08-29 10:29:40,0
58,40.0337433333333,116.313331666667,39.97470186182941,116.349232810758,2011-03-10 01:39:04,0
24,40.039065,116.325304,39.97470186182941,116.349232810758,2009-02-04 10:38:14,0
3,40.007667,116.319727,39.97470186182941,116.349232810758,2009-01-08 07:04:41,0
65,39.9751833333333,116.321111666667,39.97470186182941,116.349232810758,2011-09-05 11:05:24,0
41,39.7145616,116.1030099,39.97470186182941,116.349232810758,2009-05-05 02:27:53,0
50,39.8651847833333,116.295349116667,39.97470186182941,116.349232810758,2009-08-06 06:43:20,0
126,39.960844,116.418377,39.97470186182941,116.349232810758,2008-07-06 12:12:42,0
74,39.9751283333333,116.329183333333,39.97470186182941,116.349232810758,2012-03-03 12:30:13,0
29,39.85561,116.392509,39.97470186182941,116.349232810758,2009-01-18 23:40:45,0
92,39.9725166,116.3090283,39.97470186182941,116.349232810758,2008-03-10 08:23:23,0
167,39.995924,116.32659,39.97470186182941,116.349232810758,2008-05-22 16:08:44,0
153,39.945529,116.467548,39.97470186182941,116.349232810758,2009-07-20 12:04:33,0
122,39.992291,116.212394,39.97470186182941,116.349232810758,2009-05-28 15:37:49,0
4,39.991401,116.325032,39.97470186182941,116.349232810758,2009-05-10 13:23:22,0
128,39.9480466,116.4660283,39.97470186182941,116.349232810758,2008-05-14 14:22:58,0
8,39.956642,116.354498,39.97470186182941,116.349232810758,2008-11-18 01:55:12,0
122,40.001074,116.401312,39.97470186182941,116.349232810758,2009-09-20 10:32:47,0
168,39.947724,116.396966,39.97470186182941,116.349232810758,2011-08-09 23:08:07,0
2,39.926407,116.336815,39.97470186182941,116.349232810758,2009-03-19 14:46:29,0
39,39.88904,116.454685,39.97470186182941,116.349232810758,2009-06-16 11:04:24,0
17,40.0097466,116.3371649,39.97470186182941,116.349232810758,2008-10-31 09:36:18,0
153,39.96697,116.345244,39.97470186182941,116.349232810758,2008-08-07 15:40:31,0
144,39.9758883,116.3110083,39.97470186182941,116.349232810758,2008-12-03 00:40:08,0
16,39.973637,116.337744,39.97470186182941,116.349232810758,2008-12-10 13:57:21,0
165,39.9742333333333,116.327588333333,39.97470186182941,116.349232810758,2011-11-14 01:12:02,0
168,40.038043,116.405384,39.97470186182941,116.349232810758,2011-07-06 13:56:11,0
37,39.9805549,116.2554716,39.97470186182941,116.349232810758,2009-03-12 10:56:56,0
14,39.9849266,116.3266466,39.97470186182941,116.349232810758,2009-03-12 00:30:06,0
37,39.8786066,116.4616316,39.97470186182941,116.349232810758,2009-07-11 09:14:28,0
140,39.9749499,116.3052216,39.97470186182941,116.349232810758,2008-09-13 11:00:29,0
141,39.9752583333333,116.3268,39.97470186182941,116.349232810758,2011-08-30 00:21:08,0
41,39.8710566,116.2504766,39.97470186182941,116.349232810758,2009-04-10 00:30:47,0
153,39.906175,116.329921,39.97470186182941,116.349232810758,2011-02-03 12:25:21,0
167,39.98139,116.327423,39.97470186182941,116.349232810758,2008-10-17 10:10:29,0
42,39.7559483,116.2708083,39.97470186182941,116.349232810758,2009-02-10 05:58:24,0
85,39.93698,116.323853,39.97470186182941,116.349232810758,2008-11-08 06:44:43,0
168,39.984594,116.318654,39.97470186182941,116.349232810758,2011-08-08 02:34:37,0
68,39.988901,116.418284,39.97470186182941,116.349232810758,2009-06-03 12:40:37,0
167,39.97929,116.327337,39.97470186182941,116.349232810758,2008-07-21 11:23:55,0
62,39.9867383,116.3926283,39.97470186182941,116.349232810758,2008-09-14 09:48:15,0
65,39.9749,116.305575,39.97470186182941,116.349232810758,2011-09-18 23:58:37,0
130,39.966246,116.35016,39.97470186182941,116.349232810758,2009-09-11 18:59:12,0
4,39.999721,116.322208,39.97470186182941,116.349232810758,2009-05-11 09:35:52,0
163,40.034961,116.34619,39.97470186182941,116.349232810758,2011-03-13 04:24:06,0
6,39.980985,116.339335,39.97470186182941,116.349232810758,2008-11-21 15:25:03,0
144,40.04224,116.4277683,39.97470186182941,116.349232810758,2008-09-24 00:09:25,0
11,39.9835283,116.3491816,39.97470186182941,116.349232810758,2008-10-11 08:17:21,0
142,40.093323,116.290223,39.97470186182941,116.349232810758,2010-06-15 10:09:01,0
167,39.881985,116.406607,39.97470186182941,116.349232810758,2008-10-18 07:46:05,0
74,39.9866433333333,116.395235,39.97470186182941,116.349232810758,2012-02-08 06:30:27,0
0,39.958513,116.316188,39.97470186182941,116.349232810758,2008-11-13 07:58:32,0
35,39.974977,116.339369,39.97470186182941,116.349232810758,2009-03-06 00:47:19,0
85,39.9805,116.327744,39.97470186182941,116.349232810758,2008-05-30 17:29:33,0
17,39.9671766,116.392755,39.97470186182941,116.349232810758,2009-05-15 06:13:38,0
38,39.9200066,116.3119483,39.97470186182941,116.349232810758,2009-02-09 02:41:50,0
68,39.973856,116.411492,39.97470186182941,116.349232810758,2009-07-19 03:24:05,0
116,39.974949687,116.313507531,39.97470186182941,116.349232810758,2011-08-02 09:26:37,0
119,39.932361,116.469441,39.97470186182941,116.349232810758,2008-08-20 07:56:11,0
128,39.984905,116.3273866,39.97470186182941,116.349232810758,2009-08-21 01:35:15,0
167,40.176798,116.411169,39.97470186182941,116.349232810758,2008-10-12 02:16:26,0
68,39.908497,116.420715,39.97470186182941,116.349232810758,2009-07-28 04:35:49,0
36,39.981443,116.337431,39.97470186182941,116.349232810758,2009-03-14 14:52:30,0
35,39.98185,116.321459,39.97470186182941,116.349232810758,2009-03-01 23:39:45,0
25,39.9807716,116.3107599,39.97470186182941,116.349232810758,2009-06-06 01:08:20,0
28,39.946857,116.125555,39.97470186182941,116.349232810758,2009-04-13 11:04:02,0
96,40.0082,116.319363,39.97470186182941,116.349232810758,2008-09-07 22:50:34,0
155,39.877923,116.454946,39.97470186182941,116.349232810758,2009-07-11 06:33:33,0
40,39.950963,116.362382,39.97470186182941,116.349232810758,2009-03-23 23:26:32,0
41,39.8332933,116.4596083,39.97470186182941,116.349232810758,2009-03-30 02:45:29,0
104,39.9637233,116.2844033,39.97470186182941,116.349232810758,2008-10-02 11:58:57,0
163,39.961823,116.454262,39.97470186182941,116.349232810758,2010-10-16 12:16:56,0
3,39.906882,116.481273,39.97470186182941,116.349232810758,2009-04-14 12:41:01,0
128,39.9755199,116.3337466,39.97470186182941,116.349232810758,2010-04-18 12:32:16,0
39,40.065262,116.406475,39.97470186182941,116.349232810758,2009-05-21 00:20:49,0
141,39.978285,116.302321666667,39.97470186182941,116.349232810758,2011-09-05 00:56:38,0
168,39.966508,116.340653,39.97470186182941,116.349232810758,2011-07-23 08:53:29,0
37,39.9359133,116.455365,39.97470186182941,116.349232810758,2009-07-10 09:00:05,0
33,39.951943,116.360803,39.97470186182941,116.349232810758,2009-01-11 20:51:04,0
68,39.968901,116.419511,39.97470186182941,116.349232810758,2009-07-06 09:58:07,0
3,39.882174,116.406546,39.97470186182941,116.349232810758,2009-01-01 06:53:40,0
65,40.0003033333333,116.326486666667,39.97470186182941,116.349232810758,2011-09-19 04:12:59,0
52,39.981081,116.30685,39.97470186182941,116.349232810758,2008-07-09 17:29:12,0
82,40.037194,116.310819,39.97470186182941,116.349232810758,2009-04-08 01:09:09,0
33,39.971405,116.333942,39.97470186182941,116.349232810758,2009-01-12 11:49:45,0
42,39.6984832,116.3311783,39.97470186182941,116.349232810758,2009-03-17 06:43:57,0
67,39.975305,116.329355,39.97470186182941,116.349232810758,2010-12-14 13:51:19,0
174,39.9832333333333,116.310233333333,39.97470186182941,116.349232810758,2008-06-29 08:32:26,0
39,40.038943,116.325164,39.97470186182941,116.349232810758,2009-06-09 23:20:16,0
168,39.986962,116.391573,39.97470186182941,116.349232810758,2011-07-21 00:57:58,0
163,39.934755,116.349423,39.97470186182941,116.349232810758,2011-02-16 03:53:49,0
126,39.967522,116.417317,39.97470186182941,116.349232810758,2008-09-29 13:07:49,0
68,39.955066,116.419056,39.97470186182941,116.349232810758,2008-10-28 08:24:39,0
25,40.0442149,116.2950933,39.97470186182941,116.349232810758,2009-04-24 01:59:12,0
38,39.9689216,116.3094783,39.97470186182941,116.349232810758,2009-03-13 02:29:38,0
41,39.898875,116.2585733,39.97470186182941,116.349232810758,2009-06-09 22:41:48,0
41,39.9342499,116.1054616,39.97470186182941,116.349232810758,2009-05-19 05:23:08,0
153,39.772366524,116.457296875,39.97470186182941,116.349232810758,2012-01-23 15:32:27,0
58,39.9805633333333,116.328601666667,39.97470186182941,116.349232810758,2011-08-29 11:20:58,0
50,39.8755226166667,116.303955083333,39.97470186182941,116.349232810758,2009-08-22 01:00:04,0
168,39.989703,116.401309,39.97470186182941,116.349232810758,2011-06-28 22:58:39,0
5,39.977209,116.338335,39.97470186182941,116.349232810758,2008-11-24 13:18:54,0
68,39.990357,116.417631,39.97470186182941,116.349232810758,2008-11-02 06:58:57,0
12,39.989035,116.316195,39.97470186182941,116.349232810758,2008-10-06 03:45:17,0
128,40.0731133,116.3284283,39.97470186182941,116.349232810758,2010-06-07 01:02:14,0
179,40.089123,116.299519,39.97470186182941,116.349232810758,2008-08-28 13:43:01,0
17,39.9472583,116.3690183,39.97470186182941,116.349232810758,2009-05-31 03:31:00,0
8,39.958384,116.361005,39.97470186182941,116.349232810758,2008-11-05 13:47:44,0
153,39.966386,116.347413,39.97470186182941,116.349232810758,2010-02-16 05:45:34,0
24,39.988905,116.394005,39.97470186182941,116.349232810758,2009-01-17 05:32:09,0
18,40.0354199,116.5660616,39.97470186182941,116.349232810758,2008-12-02 04:18:17,0
41,39.88032,116.4553166,39.97470186182941,116.349232810758,2009-03-13 05:34:46,0
2,39.925447,116.33325,39.97470186182941,116.349232810758,2008-11-02 11:55:53,0
84,39.932432,116.430508,39.97470186182941,116.349232810758,2008-07-24 10:29:50,0
3,40.026668,116.343629,39.97470186182941,116.349232810758,2009-01-17 11:54:50,0
20,39.9801783333333,116.30751,39.97470186182941,116.349232810758,2011-08-27 07:00:10,0
83,39.9895749,116.3063283,39.97470186182941,116.349232810758,2009-03-08 19:52:34,0
3,39.975862,116.454201,39.97470186182941,116.349232810758,2009-05-22 00:05:41,0
10,40.009116,116.506133,39.97470186182941,116.349232810758,2008-10-03 10:44:38,0
38,39.9987033,116.3158916,39.97470186182941,116.349232810758,2009-02-26 04:13:05,0
15,39.974339,116.333734,39.97470186182941,116.349232810758,2008-12-11 01:15:32,0
41,39.8641966,116.267755,39.97470186182941,116.349232810758,2009-03-03 05:49:41,0
25,39.9658316,116.3185699,39.97470186182941,116.349232810758,2009-06-06 01:17:42,0
17,40.0306216,116.5569699,39.97470186182941,116.349232810758,2009-04-08 09:04:22,0
140,39.9871133,116.4021866,39.97470186182941,116.349232810758,2009-02-19 16:23:32,0
34,40.1031116,116.4042216,39.97470186182941,116.349232810758,2009-04-11 09:08:58,0
0,39.90652,116.47472,39.97470186182941,116.349232810758,2009-04-25 12:29:12,0
125,40.005782,116.315761,39.97470186182941,116.349232810758,2008-09-17 04:14:45,0
22,39.984327,116.309415,39.97470186182941,116.349232810758,2009-02-21 09:57:26,0
36,39.968052,116.410385,39.97470186182941,116.349232810758,2009-02-21 05:23:47,0
34,40.0331266,116.293925,39.97470186182941,116.349232810758,2009-03-21 03:23:50,0
30,40.000435,116.327056,39.97470186182941,116.349232810758,2009-05-22 04:15:36,0
26,39.973392,116.334368,39.97470186182941,116.349232810758,2009-02-20 11:12:44,0
128,39.9756083,116.3316766,39.97470186182941,116.349232810758,2008-11-07 02:13:01,0
79,39.931352,116.369187,39.97470186182941,116.349232810758,2010-05-27 01:33:45,0
84,39.934672,116.430265,39.97470186182941,116.349232810758,2008-07-25 03:19:30,0
25,39.9820733,116.3103633,39.97470186182941,116.349232810758,2009-06-21 01:05:20,0
41,39.8638799,116.2720666,39.97470186182941,116.349232810758,2009-06-19 23:37:01,0
68,39.969751,116.419816,39.97470186182941,116.349232810758,2009-03-08 12:00:54,0
128,39.9268249,116.4712383,39.97470186182941,116.349232810758,2008-04-29 21:55:15,0
35,40.016564,116.309316,39.97470186182941,116.349232810758,2009-04-09 13:46:11,0
7,39.984099,116.318826,39.97470186182941,116.349232810758,2008-12-11 07:49:56,0
153,39.907759,116.471758,39.97470186182941,116.349232810758,2009-09-08 11:06:05,0
3,40.00758,116.319733,39.97470186182941,116.349232810758,2009-07-02 11:15:51,0
35,39.981837,116.321144,39.97470186182941,116.349232810758,2009-03-11 07:05:06,0
68,39.982528,116.418003,39.97470186182941,116.349232810758,2009-05-31 03:00:53,0
62,39.9874766,116.3032083,39.97470186182941,116.349232810758,2008-10-19 01:12:00,0
22,39.973636,116.334203,39.97470186182941,116.349232810758,2009-04-25 12:37:45,0
28,39.924849,116.154819,39.97470186182941,116.349232810758,2009-03-19 09:53:43,0
52,39.985013,116.352691,39.97470186182941,116.349232810758,2008-06-11 04:30:34,0
30,40.009523,116.31512,39.97470186182941,116.349232810758,2009-03-05 05:24:02,0
141,39.9905083333333,116.305118333333,39.97470186182941,116.349232810758,2011-10-08 10:28:59,0
156,40.055033,116.322451,39.97470186182941,116.349232810758,2009-07-09 02:06:49,0
41,39.8301866,116.3703966,39.97470186182941,116.349232810758,2009-05-20 07:43:36,0
153,40.198687,116.488442,39.97470186182941,116.349232810758,2010-08-08 10:49:19,0
92,39.9680883,116.3012449,39.97470186182941,116.349232810758,2008-05-27 12:30:16,0
19,39.9970583,116.2728583,39.97470186182941,116.349232810758,2008-11-22 09:01:41,0
30,40.00688,116.321245,39.97470186182941,116.349232810758,2009-02-01 10:22:21,0
20,39.97508,116.324625,39.97470186182941,116.349232810758,2011-09-26 15:17:15,0
153,39.925198,116.472642,39.97470186182941,116.349232810758,2009-09-23 23:49:23,0
73,39.9719599,116.3250516,39.97470186182941,116.349232810758,2008-08-22 13:38:08,0
167,40.102139,116.396198,39.97470186182941,116.349232810758,2008-12-13 07:50:58,0
77,39.879522,116.41139,39.97470186182941,116.349232810758,2009-09-20 13:39:19,0
41,39.9447049,116.2678566,39.97470186182941,116.349232810758,2009-06-13 10:44:57,0
30,39.995266,116.326275,39.97470186182941,116.349232810758,2009-07-19 04:18:17,0
153,39.973613,116.458128,39.97470186182941,116.349232810758,2011-04-08 10:17:31,0
68,39.957527,116.269042,39.97470186182941,116.349232810758,2009-08-14 19:00:16,0
25,39.9878883,116.3031816,39.97470186182941,116.349232810758,2009-04-10 11:23:04,0
140,40.0380166,116.60905,39.97470186182941,116.349232810758,2009-01-14 22:04:37,0
128,40.0906849,116.358365,39.97470186182941,116.349232810758,2009-12-20 06:34:45,0
14,39.9796866,116.3250449,39.97470186182941,116.349232810758,2008-11-06 06:26:37,0
179,39.996696,116.326851,39.97470186182941,116.349232810758,2008-10-02 10:22:06,0
16,39.978109,116.315212,39.97470186182941,116.349232810758,2008-11-24 07:11:47,0
68,39.970028,116.422367,39.97470186182941,116.349232810758,2009-01-09 00:12:25,0
8,39.957106,116.360455,39.97470186182941,116.349232810758,2008-10-26 12:20:50,0
153,40.016175,116.446394,39.97470186182941,116.349232810758,2011-09-22 23:52:08,0
115,39.9208916,116.4838133,39.97470186182941,116.349232810758,2008-07-06 23:30:22,0
50,39.8718338,116.3684082,39.97470186182941,116.349232810758,2009-08-06 07:23:52,0
81,39.985732,116.349661,39.97470186182941,116.349232810758,2008-05-23 12:37:02,0
10,39.985233,116.327176,39.97470186182941,116.349232810758,2009-01-14 06:37:35,0
84,39.954125,116.329428,39.97470186182941,116.349232810758,2008-09-01 00:24:17,0
46,39.941604,116.346798,39.97470186182941,116.349232810758,2009-10-11 04:19:22,0
62,39.9873583,116.3973033,39.97470186182941,116.349232810758,2008-08-24 05:41:09,0
153,39.975273,116.330291,39.97470186182941,116.349232810758,2008-08-15 13:05:50,0
41,39.9178766,116.3059766,39.97470186182941,116.349232810758,2009-03-13 10:01:14,0
68,39.969836,116.41815,39.97470186182941,116.349232810758,2009-06-07 04:54:03,0
25,39.9847616,116.3067233,39.97470186182941,116.349232810758,2009-04-02 12:42:49,0
153,39.985828,116.449913,39.97470186182941,116.349232810758,2010-10-18 21:29:41,0
38,39.9865366,116.3101133,39.97470186182941,116.349232810758,2009-02-21 12:22:40,0
78,39.97576,116.33037,39.97470186182941,116.349232810758,2008-08-25 15:54:30,0
17,39.9857866,116.3447799,39.97470186182941,116.349232810758,2009-02-06 00:07:52,0
14,39.9583266,116.3414516,39.97470186182941,116.349232810758,2008-10-30 05:55:15,0
128,40.0769116,116.3264816,39.97470186182941,116.349232810758,2008-09-10 13:50:50,0
25,39.9840266,116.3095683,39.97470186182941,116.349232810758,2009-03-06 01:00:36,0
41,40.228745,116.1692266,39.97470186182941,116.349232810758,2009-05-21 08:38:38,0
153,39.932542,116.477108,39.97470186182941,116.349232810758,2009-08-09 11:15:23,0
39,39.939482,116.408639,39.97470186182941,116.349232810758,2009-06-18 01:00:02,0
9,39.991824,116.333826,39.97470186182941,116.349232810758,2008-12-14 08:18:47,0
145,39.970538,116.306992,39.97470186182941,116.349232810758,2008-04-30 12:10:46,0
82,40.029929,116.314839,39.97470186182941,116.349232810758,2009-03-19 13:57:29,0
13,39.974559,116.343902,39.97470186182941,116.349232810758,2008-11-07 12:39:09,0
1,40.016468,116.310269,39.97470186182941,116.349232810758,2008-12-07 10:10:58,0
50,39.9825592041016,116.29940032959,39.97470186182941,116.349232810758,2009-08-05 12:49:45,0
153,39.98686,116.433207,39.97470186182941,116.349232810758,2009-10-05 09:59:41,0
23,39.951243,116.310198,39.97470186182941,116.349232810758,2009-01-13 07:51:59,0
10,39.891848,116.368331,39.97470186182941,116.349232810758,2008-10-06 00:43:36,0
25,40.0889716,116.11158,39.97470186182941,116.349232810758,2009-03-22 01:46:17,0
144,40.0306016,116.2048883,39.97470186182941,116.349232810758,2009-03-08 02:53:05,0
36,39.961412,116.438415,39.97470186182941,116.349232810758,2009-02-21 02:34:57,0
85,39.980393,116.332671,39.97470186182941,116.349232810758,2009-06-29 10:18:27,0
25,39.9875383,116.3043583,39.97470186182941,116.349232810758,2009-04-09 12:20:02,0
36,39.906058,116.346704,39.97470186182941,116.349232810758,2009-07-08 09:41:31,0
33,40.023974,116.516974,39.97470186182941,116.349232810758,2009-01-15 03:23:54,0
144,40.027578,116.433614,39.97470186182941,116.349232810758,2009-05-31 14:47:04,0
19,39.9935849,116.2743483,39.97470186182941,116.349232810758,2008-11-22 08:54:44,0
153,40.006471713,116.503426531,39.97470186182941,116.349232810758,2011-11-07 16:44:45,0
71,39.9802583333333,116.30572,39.97470186182941,116.349232810758,2012-03-31 02:03:30,0
28,39.92275,116.301963,39.97470186182941,116.349232810758,2009-02-09 23:21:56,0
17,39.8949433,116.1663416,39.97470186182941,116.349232810758,2009-01-22 03:19:55,0
42,39.8966733,116.3360783,39.97470186182941,116.349232810758,2009-02-12 08:05:57,0
46,39.906109,116.374866,39.97470186182941,116.349232810758,2009-10-11 08:12:49,0
24,39.938038,116.189305,39.97470186182941,116.349232810758,2009-05-20 05:13:53,0
179,40.08824,116.304303,39.97470186182941,116.349232810758,2008-10-02 01:42:41,0
85,39.898836,116.340015,39.97470186182941,116.349232810758,2008-10-20 23:22:14,0
6,39.98153,116.339173,39.97470186182941,116.349232810758,2008-11-19 22:25:24,0
167,39.999167,116.333658,39.97470186182941,116.349232810758,2009-02-08 01:29:58,0
16,39.964498,116.100469,39.97470186182941,116.349232810758,2008-11-10 11:08:26,0
128,40.2040616,116.2202816,39.97470186182941,116.349232810758,2010-10-16 09:57:46,0
25,39.9667616,116.3767333,39.97470186182941,116.349232810758,2009-06-04 04:27:55,0
153,39.97986,116.448835,39.97470186182941,116.349232810758,2010-05-23 23:57:09,0
62,39.9193299,116.3472699,39.97470186182941,116.349232810758,2008-07-30 13:53:27,0
37,39.9319299,116.2867333,39.97470186182941,116.349232810758,2009-04-17 00:43:19,0
26,40.011391,116.312301,39.97470186182941,116.349232810758,2009-01-15 11:50:46,0
41,40.1295116,116.477725,39.97470186182941,116.349232810758,2009-04-28 00:24:50,0
41,40.0166583,116.2794766,39.97470186182941,116.349232810758,2009-06-24 22:20:29,0
17,40.0161516,116.3417533,39.97470186182941,116.349232810758,2009-03-28 04:29:35,0
25,39.9933166,116.2994616,39.97470186182941,116.349232810758,2009-04-19 08:26:17,0
165,39.9790083333333,116.307011666667,39.97470186182941,116.349232810758,2011-11-18 01:53:23,0
85,39.900391,116.33967,39.97470186182941,116.349232810758,2009-05-12 02:04:23,0
10,39.892563,116.368383,39.97470186182941,116.349232810758,2008-09-26 00:24:15,0
128,40.0731216,116.3284983,39.97470186182941,116.349232810758,2009-09-14 13:27:28,0
84,39.977141,116.330312,39.97470186182941,116.349232810758,2008-12-04 00:52:50,0
144,40.027295,116.432935,39.97470186182941,116.349232810758,2009-07-20 17:39:57,0
163,39.986809024,116.388808951,39.97470186182941,116.349232810758,2012-07-10 07:45:49,0
44,39.985641,116.327323,39.97470186182941,116.349232810758,2009-03-09 12:44:23,0
167,40.00458,116.315711,39.97470186182941,116.349232810758,2008-05-28 10:07:50,0
50,39.9356689453125,116.331520080566,39.97470186182941,116.349232810758,2009-08-21 18:31:52,0
167,39.9804,116.417958,39.97470186182941,116.349232810758,2008-09-30 13:36:57,0
4,40.002494,116.317862,39.97470186182941,116.349232810758,2008-11-07 10:45:28,0
25,40.0513316,116.15414,39.97470186182941,116.349232810758,2009-04-21 05:13:20,0
165,39.990315,116.331791666667,39.97470186182941,116.349232810758,2011-11-14 07:42:11,0
62,40.0350683,116.3042116,39.97470186182941,116.349232810758,2008-11-16 08:32:11,0
3,39.998078,116.337686,39.97470186182941,116.349232810758,2009-02-21 14:16:56,0
35,39.981859,116.321019,39.97470186182941,116.349232810758,2009-04-09 10:23:21,0
73,39.9750283,116.3196616,39.97470186182941,116.349232810758,2008-05-28 03:07:44,0
128,39.97497,116.3114266,39.97470186182941,116.349232810758,2010-11-19 10:53:16,0
1,40.005435,116.317461,39.97470186182941,116.349232810758,2008-11-12 00:07:32,0
0,39.98725,116.327115,39.97470186182941,116.349232810758,2009-06-16 06:37:32,0
17,39.9645716,116.4097433,39.97470186182941,116.349232810758,2008-12-05 06:34:32,0
43,39.803738,116.52856,39.97470186182941,116.349232810758,2009-06-15 01:16:09,0
153,39.97743,116.446384,39.97470186182941,116.349232810758,2010-08-05 00:07:40,0
25,39.9067566,116.4593483,39.97470186182941,116.349232810758,2009-04-09 01:56:12,0
17,39.9262766,116.4280066,39.97470186182941,116.349232810758,2008-12-04 08:05:33,0
119,39.921485,116.47245,39.97470186182941,116.349232810758,2008-09-07 10:45:46,0
153,40.002613102,116.461571978,39.97470186182941,116.349232810758,2011-12-24 20:42:10,0
153,39.92352,116.47224,39.97470186182941,116.349232810758,2008-09-24 10:11:48,0
163,39.946334,116.366565,39.97470186182941,116.349232810758,2009-08-30 05:06:51,0
3,40.000078,116.327367,39.97470186182941,116.349232810758,2009-03-09 05:54:06,0
7,39.974307,116.334401,39.97470186182941,116.349232810758,2008-11-06 10:23:18,0
50,39.9601097166667,116.299812316667,39.97470186182941,116.349232810758,2009-08-04 11:58:50,0
35,39.981959,116.326966,39.97470186182941,116.349232810758,2009-03-23 00:56:34,0
68,39.992148,116.417748,39.97470186182941,116.349232810758,2009-05-15 06:39:26,0
34,40.0600066,116.364565,39.97470186182941,116.349232810758,2009-04-08 00:20:48,0
140,40.0030049,116.20022,39.97470186182941,116.349232810758,2009-03-27 05:55:49,0
68,39.99546,116.41791,39.97470186182941,116.349232810758,2009-09-02 07:30:29,0
130,39.990003,116.334378,39.97470186182941,116.349232810758,2009-09-18 10:00:47,0
153,39.904134,116.367121,39.97470186182941,116.349232810758,2008-11-24 08:48:24,0
2,39.92595,116.33289,39.97470186182941,116.349232810758,2009-02-04 11:14:40,0
126,39.986316,116.418585,39.97470186182941,116.349232810758,2009-01-15 09:55:16,0
141,40.0026116666667,116.267835,39.97470186182941,116.349232810758,2011-10-22 05:49:37,0
16,39.974272,116.337837,39.97470186182941,116.349232810758,2008-11-18 12:37:14,0
140,39.9230699,116.5585032,39.97470186182941,116.349232810758,2008-08-30 05:49:26,0
153,39.913914,116.41182,39.97470186182941,116.349232810758,2008-08-01 06:17:56,0
50,39.9938087463379,116.195297241211,39.97470186182941,116.349232810758,2009-08-18 16:30:12,0
168,40.004554,116.393972,39.97470186182941,116.349232810758,2011-08-20 06:32:56,0
68,39.930619,116.382802,39.97470186182941,116.349232810758,2009-03-14 05:27:56,0
17,39.8622949,116.3673883,39.97470186182941,116.349232810758,2009-02-25 06:00:49,0
126,39.969885,116.41989,39.97470186182941,116.349232810758,2008-05-31 13:48:04,0
65,39.9727266666667,116.312478333333,39.97470186182941,116.349232810758,2011-09-28 01:00:27,0
25,39.9985766,116.3049233,39.97470186182941,116.349232810758,2008-12-24 04:14:21,0
41,40.2915566,116.5832749,39.97470186182941,116.349232810758,2009-06-18 02:28:28,0
85,40.042236,116.306694,39.97470186182941,116.349232810758,2009-09-07 13:42:16,0
59,39.9909583333333,116.17238,39.97470186182941,116.349232810758,2011-03-12 05:53:44,0
112,39.9743749,116.3111933,39.97470186182941,116.349232810758,2008-07-10 11:46:53,0
50,39.9585495,116.274322516667,39.97470186182941,116.349232810758,2009-08-21 11:09:12,0
141,39.9745416666667,116.314523333333,39.97470186182941,116.349232810758,2011-09-29 12:13:19,0
85,39.865587,116.346816,39.97470186182941,116.349232810758,2008-05-22 06:37:06,0
128,40.0558733,116.3211399,39.97470186182941,116.349232810758,2009-10-20 00:36:51,0
153,39.932772,116.459435,39.97470186182941,116.349232810758,2009-06-15 13:45:04,0
28,39.967785,116.101583,39.97470186182941,116.349232810758,2009-04-04 12:29:15,0
96,40.007897,116.322711,39.97470186182941,116.349232810758,2008-10-16 03:55:22,0
17,39.97554,116.3797016,39.97470186182941,116.349232810758,2009-04-08 06:56:32,0
65,39.9715116666667,116.31613,39.97470186182941,116.349232810758,2011-09-08 03:47:29,0
144,40.027572,116.433737,39.97470186182941,116.349232810758,2009-05-31 13:14:24,0
68,39.980278,116.414201,39.97470186182941,116.349232810758,2008-10-07 13:17:08,0
9,40.002158,116.342655,39.97470186182941,116.349232810758,2008-11-04 10:23:37,0
52,39.970837,116.305421,39.97470186182941,116.349232810758,2008-09-02 09:24:41,0
84,39.934743,116.43007,39.97470186182941,116.349232810758,2008-10-29 00:54:55,0
13,40.167755,116.127865,39.97470186182941,116.349232810758,2008-10-28 22:38:32,0
52,39.983984,116.352976,39.97470186182941,116.349232810758,2008-06-11 08:13:10,0
14,39.9703566,116.2719149,39.97470186182941,116.349232810758,2009-01-13 09:12:45,0
13,40.167195,116.12877,39.97470186182941,116.349232810758,2008-10-27 08:29:17,0
9,39.959925,116.359115,39.97470186182941,116.349232810758,2008-11-01 06:34:08,0
24,39.820019,116.498115,39.97470186182941,116.349232810758,2009-02-24 01:01:42,0
22,39.973613,116.334513,39.97470186182941,116.349232810758,2009-04-28 09:26:25,0
126,40.005498,116.321315,39.97470186182941,116.349232810758,2008-11-27 02:11:48,0
126,40.105815,116.098794,39.97470186182941,116.349232810758,2008-09-29 02:51:20,0
43,39.799369,116.511014,39.97470186182941,116.349232810758,2009-06-15 04:27:04,0
2,39.927091,116.337682,39.97470186182941,116.349232810758,2009-02-21 13:32:40,0
144,39.977123,116.374736,39.97470186182941,116.349232810758,2009-07-28 00:45:02,0
163,39.933229,116.427881,39.97470186182941,116.349232810758,2011-02-07 13:12:35,0
163,39.967331,116.394476,39.97470186182941,116.349232810758,2010-02-16 05:40:54,0
15,40.008272,116.317451,39.97470186182941,116.349232810758,2009-03-03 00:51:13,0
168,39.92602,116.319736,39.97470186182941,116.349232810758,2011-07-12 11:23:17,0
22,39.968715,116.309431,39.97470186182941,116.349232810758,2009-02-17 11:44:26,0
50,39.96868515,116.263465883333,39.97470186182941,116.349232810758,2009-08-02 13:07:38,0
66,39.992043,116.439932,39.97470186182941,116.349232810758,2009-05-27 17:09:12,0
128,40.0094866,116.48267,39.97470186182941,116.349232810758,2010-08-07 10:04:11,0
52,39.985669,116.370824,39.97470186182941,116.349232810758,2008-07-30 13:33:09,0
126,39.9686266,116.3135749,39.97470186182941,116.349232810758,2008-06-29 12:16:01,0
14,39.9639916,116.3630016,39.97470186182941,116.349232810758,2008-12-16 02:42:30,0
153,39.952045,116.462104,39.97470186182941,116.349232810758,2009-07-29 12:03:33,0
128,39.9855266,116.188565,39.97470186182941,116.349232810758,2010-01-09 08:08:59,0
68,39.996645,116.417131,39.97470186182941,116.349232810758,2008-12-06 05:06:21,0
163,40.03108,116.433944,39.97470186182941,116.349232810758,2010-12-11 06:40:08,0
163,39.98738187,116.449232312,39.97470186182941,116.349232810758,2012-06-09 16:22:44,0
100,39.978084279,116.304245257,39.97470186182941,116.349232810758,2011-07-31 10:36:31,0
24,40.08748,116.433595,39.97470186182941,116.349232810758,2009-02-04 09:53:01,0
14,39.9914066,116.3242899,39.97470186182941,116.349232810758,2009-04-07 04:09:30,0
37,39.9812616,116.2556666,39.97470186182941,116.349232810758,2009-04-19 18:41:33,0
18,39.9012933,116.3928349,39.97470186182941,116.349232810758,2008-11-07 04:14:42,0
2,39.907485,116.370009,39.97470186182941,116.349232810758,2009-03-19 14:25:59,0
96,39.991247,116.334008,39.97470186182941,116.349232810758,2008-09-07 13:51:34,0
37,39.9408516,116.4553733,39.97470186182941,116.349232810758,2009-04-15 02:58:52,0
35,39.990403,116.330114,39.97470186182941,116.349232810758,2009-02-26 12:22:01,0
153,39.974941,116.456046,39.97470186182941,116.349232810758,2009-09-06 11:10:27,0
85,39.9371383,116.3246299,39.97470186182941,116.349232810758,2008-08-31 11:43:48,0
96,40.007847,116.319245,39.97470186182941,116.349232810758,2008-12-01 17:40:19,0
153,39.952677,116.486987,39.97470186182941,116.349232810758,2009-03-29 07:42:50,0
144,40.0210083,116.4173099,39.97470186182941,116.349232810758,2008-11-30 13:48:02,0
128,40.0766716,116.32612,39.97470186182941,116.349232810758,2010-06-22 14:30:34,0
22,39.951568,116.317643,39.97470186182941,116.349232810758,2009-06-17 13:42:30,0
163,40.031115001,116.434184854,39.97470186182941,116.349232810758,2011-11-14 08:38:49,0
7,39.980365,116.338943,39.97470186182941,116.349232810758,2008-11-03 10:02:44,0
78,39.975356,116.328859,39.97470186182941,116.349232810758,2008-08-09 14:43:53,0
167,39.97529,116.362227,39.97470186182941,116.349232810758,2008-05-30 04:00:29,0
30,39.917893,116.205624,39.97470186182941,116.349232810758,2009-04-13 22:33:40,0
30,39.999735,116.318869,39.97470186182941,116.349232810758,2009-02-24 00:59:12,0
39,39.890787,116.453698,39.97470186182941,116.349232810758,2009-05-14 12:06:03,0
128,40.0694966,116.3135566,39.97470186182941,116.349232810758,2008-07-01 01:33:54,0
17,39.9731383,116.3879966,39.97470186182941,116.349232810758,2008-11-17 00:59:56,0
153,39.925825,116.471878,39.97470186182941,116.349232810758,2009-02-14 11:06:28,0
30,40.004874,116.320988,39.97470186182941,116.349232810758,2009-04-09 05:36:46,0
163,40.014417,116.1961,39.97470186182941,116.349232810758,2010-04-18 06:10:30,0
30,40.002023,116.324744,39.97470186182941,116.349232810758,2009-06-22 15:36:43,0
112,39.9725483,116.3269149,39.97470186182941,116.349232810758,2008-05-08 01:27:34,0
167,40.003308,116.32153,39.97470186182941,116.349232810758,2009-01-13 04:49:30,0
172,39.9769349,116.3290683,39.97470186182941,116.349232810758,2008-07-18 11:47:02,0
14,40.0931449,116.4782516,39.97470186182941,116.349232810758,2008-11-16 00:55:27,0
153,39.988289,116.46897,39.97470186182941,116.349232810758,2010-02-16 09:20:15,0
85,39.981922,116.332451,39.97470186182941,116.349232810758,2009-08-13 00:36:02,0
128,40.0777949,116.3032833,39.97470186182941,116.349232810758,2010-05-30 01:53:32,0
1,40.007765,116.32953,39.97470186182941,116.349232810758,2008-11-21 00:20:25,0
115,39.9437866,116.533645,39.97470186182941,116.349232810758,2008-06-11 23:28:17,0
128,40.0702866,116.328705,39.97470186182941,116.349232810758,2010-08-03 01:29:51,0
126,39.982361,116.387094,39.97470186182941,116.349232810758,2008-08-02 12:50:09,0
68,39.972316,116.415729,39.97470186182941,116.349232810758,2008-11-28 11:29:34,0
128,39.9815883,116.3059499,39.97470186182941,116.349232810758,2010-11-26 11:02:01,0
37,39.8554466,116.3487716,39.97470186182941,116.349232810758,2009-07-15 12:04:39,0
128,40.0506716,116.3006049,39.97470186182941,116.349232810758,2010-03-30 01:39:30,0
82,40.052324,116.400262,39.97470186182941,116.349232810758,2009-03-11 15:46:10,0
78,39.97288,116.327415,39.97470186182941,116.349232810758,2008-07-22 00:37:13,0
8,39.982248,116.347619,39.97470186182941,116.349232810758,2008-11-18 05:55:37,0
155,40.069448,116.345798,39.97470186182941,116.349232810758,2009-05-21 23:26:17,0
3,39.999866,116.326958,39.97470186182941,116.349232810758,2008-12-07 19:27:40,0
4,39.960115,116.295582,39.97470186182941,116.349232810758,2009-03-03 00:26:14,0
179,39.985888,116.310065,39.97470186182941,116.349232810758,2008-10-26 02:52:31,0
17,39.9848616,116.3330233,39.97470186182941,116.349232810758,2009-06-23 07:32:32,0
119,39.999762,116.386779,39.97470186182941,116.349232810758,2008-08-23 12:37:50,0
38,39.9448283,116.3178966,39.97470186182941,116.349232810758,2009-03-07 08:55:10,0
14,39.9430816,116.4276233,39.97470186182941,116.349232810758,2008-11-30 03:01:29,0
153,39.907166,116.412147,39.97470186182941,116.349232810758,2009-06-19 03:16:29,0
34,39.9917116,116.3329733,39.97470186182941,116.349232810758,2009-04-13 09:21:01,0
68,39.969031,116.419621,39.97470186182941,116.349232810758,2008-11-10 00:09:07,0
41,39.722725,116.10701,39.97470186182941,116.349232810758,2009-03-06 13:03:59,0
3,39.907653,116.368331,39.97470186182941,116.349232810758,2009-01-11 06:26:48,0
17,39.9230833,116.2576333,39.97470186182941,116.349232810758,2009-01-14 06:10:04,0
65,39.97525,116.317708333333,39.97470186182941,116.349232810758,2011-09-13 00:57:56,0
34,39.8894366,116.3041799,39.97470186182941,116.349232810758,2009-07-19 22:54:56,0
84,39.977605,116.016662,39.97470186182941,116.349232810758,2008-09-14 01:56:31,0
144,40.0334366,116.43092,39.97470186182941,116.349232810758,2008-09-23 10:22:17,0
3,40.007515,116.319842,39.97470186182941,116.349232810758,2008-11-09 20:11:46,0
35,39.977921,116.300512,39.97470186182941,116.349232810758,2009-04-16 03:43:20,0
50,39.9607467666667,116.301269533333,39.97470186182941,116.349232810758,2009-08-10 06:48:26,0
41,40.3078433,116.5280133,39.97470186182941,116.349232810758,2009-06-18 02:05:55,0
62,39.9874833,116.3014949,39.97470186182941,116.349232810758,2008-08-19 07:51:24,0
126,39.987129,116.3271,39.97470186182941,116.349232810758,2008-12-03 15:21:33,0
14,39.9387133,116.3493799,39.97470186182941,116.349232810758,2009-03-03 07:31:30,0
17,39.9970366,116.380765,39.97470186182941,116.349232810758,2009-01-08 03:00:49,0
41,39.945375,116.2740116,39.97470186182941,116.349232810758,2009-03-03 05:35:12,0
24,40.053149,116.322062,39.97470186182941,116.349232810758,2009-02-22 02:38:16,0
22,39.973413,116.334107,39.97470186182941,116.349232810758,2009-03-07 03:05:51,0
144,39.9677233,116.4127699,39.97470186182941,116.349232810758,2008-08-25 10:10:17,0
13,39.987838,116.416447,39.97470186182941,116.349232810758,2009-02-15 05:52:03,0
83,39.978195,116.3278333,39.97470186182941,116.349232810758,2009-01-10 17:56:29,0
153,39.888099,116.365751,39.97470186182941,116.349232810758,2008-11-24 07:44:58,0
84,39.932268,116.420388,39.97470186182941,116.349232810758,2008-07-22 00:22:55,0
153,39.965985,116.3224483,39.97470186182941,116.349232810758,2008-06-28 13:34:12,0
50,39.9441948,116.303565983333,39.97470186182941,116.349232810758,2009-08-19 06:37:51,0
3,40.007985,116.320991,39.97470186182941,116.349232810758,2009-06-09 07:44:51,0
3,39.99174,116.327463,39.97470186182941,116.349232810758,2009-01-15 11:06:53,0
42,39.7652033,116.3365149,39.97470186182941,116.349232810758,2009-02-25 09:50:53,0
30,40.009669,116.314789,39.97470186182941,116.349232810758,2009-02-07 09:59:25,0
17,40.0687266,116.2891216,39.97470186182941,116.349232810758,2009-06-20 15:29:42,0
68,39.968526,116.42396,39.97470186182941,116.349232810758,2009-04-11 11:00:39,0
38,39.9882133,116.3097983,39.97470186182941,116.349232810758,2009-02-27 04:04:16,0
83,39.9354233,116.3666366,39.97470186182941,116.349232810758,2009-09-19 12:02:33,0
153,40.267352,116.102422,39.97470186182941,116.349232810758,2010-05-01 04:06:26,0
30,39.971516,116.316947,39.97470186182941,116.349232810758,2009-04-09 11:52:26,0
128,39.9921183,116.3947433,39.97470186182941,116.349232810758,2010-08-06 06:47:41,0
14,39.9446633,116.35772,39.97470186182941,116.349232810758,2008-10-26 00:43:23,0
35,39.977925,116.300448,39.97470186182941,116.349232810758,2009-03-17 04:19:03,0
43,39.949658,116.314203,39.97470186182941,116.349232810758,2009-02-08 11:54:10,0
84,39.935619,116.430889,39.97470186182941,116.349232810758,2009-05-31 01:21:19,0
153,40.012622996,116.510413296,39.97470186182941,116.349232810758,2012-01-17 14:40:40,0
35,39.981538,116.321178,39.97470186182941,116.349232810758,2009-03-10 02:07:36,0
85,39.939871,116.303738,39.97470186182941,116.349232810758,2008-10-23 02:30:14,0
9,39.999607,116.336697,39.97470186182941,116.349232810758,2008-10-29 00:21:53,0
153,39.973411,116.443278,39.97470186182941,116.349232810758,2010-04-06 12:46:02,0
50,39.8658103942871,116.290534973145,39.97470186182941,116.349232810758,2009-08-04 16:19:54,0
68,39.995971,116.417662,39.97470186182941,116.349232810758,2009-04-15 14:35:57,0
20,39.9777683333333,116.33048,39.97470186182941,116.349232810758,2011-08-28 16:38:02,0
17,39.922,116.3399733,39.97470186182941,116.349232810758,2009-06-12 05:02:31,0
11,39.8999749,116.3778616,39.97470186182941,116.349232810758,2008-09-29 11:49:18,0
18,39.9305566,116.3995399,39.97470186182941,116.349232810758,2008-11-06 09:38:15,0
153,39.966989,116.345128,39.97470186182941,116.349232810758,2008-10-28 14:53:45,0
22,39.973922,116.332321,39.97470186182941,116.349232810758,2009-04-28 08:05:32,0
36,39.97231,116.346772,39.97470186182941,116.349232810758,2009-02-20 02:14:02,0
84,39.954523,116.418847,39.97470186182941,116.349232810758,2008-10-24 00:19:29,0
50,39.8757438666667,116.289085383333,39.97470186182941,116.349232810758,2009-08-04 09:07:28,0
153,39.973941,116.443449,39.97470186182941,116.349232810758,2010-04-24 04:01:47,0
42,39.730545,116.3334299,39.97470186182941,116.349232810758,2009-03-04 05:26:12,0
126,40.16545,116.23831,39.97470186182941,116.349232810758,2008-12-20 06:47:57,0
41,39.8648049,116.2763983,39.97470186182941,116.349232810758,2009-06-15 02:26:15,0
67,39.978991,116.332595,39.97470186182941,116.349232810758,2011-03-12 21:50:14,0
22,39.973355,116.334132,39.97470186182941,116.349232810758,2009-05-12 10:05:42,0
153,39.951132,116.465307,39.97470186182941,116.349232810758,2008-11-29 14:18:15,0
15,40.005505,116.324363,39.97470186182941,116.349232810758,2009-03-03 09:42:24,0
85,39.981423,116.328053,39.97470186182941,116.349232810758,2008-05-22 04:13:25,0
168,40.00441,116.393975,39.97470186182941,116.349232810758,2011-06-18 03:26:44,0
14,39.9822016,116.381325,39.97470186182941,116.349232810758,2009-02-25 23:37:32,0
2,40.050621,116.300263,39.97470186182941,116.349232810758,2009-02-18 10:53:33,0
153,39.915015,116.47163,39.97470186182941,116.349232810758,2008-11-07 00:05:54,0
4,39.999856,116.324799,39.97470186182941,116.349232810758,2008-12-15 02:10:23,0
25,39.9743199,116.3593633,39.97470186182941,116.349232810758,2009-03-18 10:15:49,0
144,40.0584133,116.4076116,39.97470186182941,116.349232810758,2008-12-12 11:09:05,0
24,40.010941,116.272876,39.97470186182941,116.349232810758,2009-01-17 04:32:59,0
140,40.0094599,116.1957283,39.97470186182941,116.349232810758,2009-03-27 06:37:17,0
29,39.814468,116.505018,39.97470186182941,116.349232810758,2009-01-14 00:00:12,0
167,40.004688,116.318167,39.97470186182941,116.349232810758,2008-05-15 12:22:00,0
38,39.9697349,116.2999516,39.97470186182941,116.349232810758,2009-07-15 11:07:16,0
167,39.906589,116.390034,39.97470186182941,116.349232810758,2008-10-18 12:14:11,0
17,39.853475,116.365155,39.97470186182941,116.349232810758,2009-05-22 05:39:59,0
81,39.985012,116.326794,39.97470186182941,116.349232810758,2008-06-08 01:33:50,0
38,40.0016083,116.2688816,39.97470186182941,116.349232810758,2009-07-10 06:50:34,0
39,39.974769,116.363241,39.97470186182941,116.349232810758,2009-02-12 00:07:32,0
153,39.936264,116.484025,39.97470186182941,116.349232810758,2009-03-29 04:33:17,0
52,39.975283,116.358911,39.97470186182941,116.349232810758,2008-08-31 23:56:18,0
42,39.9078933,116.454125,39.97470186182941,116.349232810758,2009-02-27 02:30:48,0
36,39.947686,116.410191,39.97470186182941,116.349232810758,2009-02-17 06:08:35,0
75,39.9745316666667,116.331225,39.97470186182941,116.349232810758,2011-09-03 00:28:31,0
20,39.975105,116.32187,39.97470186182941,116.349232810758,2011-09-13 15:33:00,0
16,39.977107,116.300329,39.97470186182941,116.349232810758,2008-11-23 04:18:37,0
14,40.2094416,116.5251066,39.97470186182941,116.349232810758,2009-02-15 09:49:55,0
141,39.9990733333333,116.265548333333,39.97470186182941,116.349232810758,2011-10-22 06:57:51,0
128,40.0315366,116.3139033,39.97470186182941,116.349232810758,2009-02-10 14:45:09,0
41,39.8641483,116.2672583,39.97470186182941,116.349232810758,2009-05-19 01:27:52,0
3,39.909018,116.577463,39.97470186182941,116.349232810758,2009-04-19 10:51:52,0
152,40.003495,116.318731,39.97470186182941,116.349232810758,2008-08-23 10:57:32,0
20,39.9774216666667,116.330601666667,39.97470186182941,116.349232810758,2011-09-01 15:02:39,0
96,40.008031,116.31939,39.97470186182941,116.349232810758,2008-07-17 20:38:16,0
52,39.99013,116.360309,39.97470186182941,116.349232810758,2008-07-10 00:26:45,0
35,39.977886,116.300551,39.97470186182941,116.349232810758,2009-03-11 05:26:11,0
163,39.98716428,116.395462387,39.97470186182941,116.349232810758,2012-06-26 11:01:56,0
156,40.219556,116.237347,39.97470186182941,116.349232810758,2009-07-09 06:58:02,0
22,40.058449,116.40433,39.97470186182941,116.349232810758,2009-07-18 19:38:11,0
59,39.985555,116.315498333333,39.97470186182941,116.349232810758,2011-03-12 10:30:20,0
65,40.01141,116.279043333333,39.97470186182941,116.349232810758,2011-09-23 15:12:33,0
96,39.976755,116.331262,39.97470186182941,116.349232810758,2008-07-15 03:12:56,0
128,39.9917583,116.3314933,39.97470186182941,116.349232810758,2008-10-28 02:12:23,0
30,40.000601,116.321991,39.97470186182941,116.349232810758,2009-04-23 01:32:15,0
126,40.001452,116.331112,39.97470186182941,116.349232810758,2009-02-08 01:25:52,0
0,40.002482,116.326559,39.97470186182941,116.349232810758,2009-06-09 13:35:07,0
3,39.998574,116.326719,39.97470186182941,116.349232810758,2009-01-19 09:56:50,0
17,39.9750566,116.3382866,39.97470186182941,116.349232810758,2008-12-28 02:37:39,0
128,39.9394983,116.3481966,39.97470186182941,116.349232810758,2010-03-11 05:04:59,0
41,39.940425,116.5812283,39.97470186182941,116.349232810758,2009-04-21 06:47:08,0
128,39.8762883,116.342985,39.97470186182941,116.349232810758,2009-02-08 08:30:24,0
62,39.9910783,116.3132333,39.97470186182941,116.349232810758,2007-12-14 06:11:00,0
68,39.934594,116.4951,39.97470186182941,116.349232810758,2009-07-06 08:15:39,0
25,39.9870949,116.3033216,39.97470186182941,116.349232810758,2009-02-07 06:04:53,0
5,39.993579,116.326796,39.97470186182941,116.349232810758,2009-02-22 09:39:45,0
17,39.9829933,116.3473016,39.97470186182941,116.349232810758,2009-02-04 00:21:32,0
11,39.8646883,116.3939883,39.97470186182941,116.349232810758,2008-10-01 01:08:21,0
125,39.97445,116.331737,39.97470186182941,116.349232810758,2008-10-06 12:56:50,0
163,39.986236,116.366811,39.97470186182941,116.349232810758,2010-02-17 12:05:15,0
6,39.981255,116.341687,39.97470186182941,116.349232810758,2008-11-12 11:40:52,0
128,39.9859583,116.3650599,39.97470186182941,116.349232810758,2009-06-27 10:01:16,0
89,40.0249849,116.3072833,39.97470186182941,116.349232810758,2008-05-11 07:18:06,0
125,39.991526,116.325867,39.97470186182941,116.349232810758,2008-08-24 05:38:24,0
17,39.9744033,116.4672883,39.97470186182941,116.349232810758,2009-02-16 13:42:38,0
153,39.958363,116.294925,39.97470186182941,116.349232810758,2008-09-02 10:20:03,0
67,39.7228816666667,116.320868333333,39.97470186182941,116.349232810758,2011-05-20 14:20:31,0
39,39.977158,116.338486,39.97470186182941,116.349232810758,2009-05-09 23:52:50,0
30,40.002307,116.324473,39.97470186182941,116.349232810758,2009-03-12 09:25:33,0
1,39.966319,116.34441,39.97470186182941,116.349232810758,2008-12-09 05:16:27,0
14,40.1484566,116.523885,39.97470186182941,116.349232810758,2008-11-16 03:46:21,0
177,39.939228,116.347431,39.97470186182941,116.349232810758,2009-09-19 17:42:37,0
93,39.9761433,116.3302283,39.97470186182941,116.349232810758,2008-07-14 17:54:00,0
115,40.0138516,116.4676316,39.97470186182941,116.349232810758,2008-05-13 23:44:51,0
142,39.984659,116.318429,39.97470186182941,116.349232810758,2008-12-26 07:49:54,0
141,39.99823,116.229863333333,39.97470186182941,116.349232810758,2011-10-22 05:32:43,0
25,39.9888816,116.3092916,39.97470186182941,116.349232810758,2009-03-05 11:18:48,0
11,39.9806683,116.3477449,39.97470186182941,116.349232810758,2008-10-07 10:54:22,0
141,39.9794166666667,116.32702,39.97470186182941,116.349232810758,2011-09-26 00:19:40,0
39,39.890258,116.45442,39.97470186182941,116.349232810758,2009-02-26 10:36:59,0
41,39.86963,116.4539749,39.97470186182941,116.349232810758,2009-03-19 23:03:56,0
65,39.9230733333333,116.164225,39.97470186182941,116.349232810758,2011-10-05 07:55:24,0
68,39.970293,116.419843,39.97470186182941,116.349232810758,2009-07-12 13:52:18,0
13,40.167171,116.128802,39.97470186182941,116.349232810758,2008-10-27 01:02:44,0
38,40.0596249,116.3441483,39.97470186182941,116.349232810758,2009-07-18 05:42:51,0
153,39.995669,116.386936,39.97470186182941,116.349232810758,2009-07-19 13:10:32,0
4,39.986298,116.327083,39.97470186182941,116.349232810758,2009-01-13 02:43:25,0
41,39.9973466,116.2874333,39.97470186182941,116.349232810758,2009-02-16 04:20:32,0
22,39.969939,116.30186,39.97470186182941,116.349232810758,2009-03-07 01:24:33,0
62,39.9858883,116.3478649,39.97470186182941,116.349232810758,2008-08-28 09:56:39,0
115,40.0166433,116.368335,39.97470186182941,116.349232810758,2008-06-30 00:34:19,0
153,39.927331,116.483716,39.97470186182941,116.349232810758,2011-02-02 03:11:46,0
128,40.07305,116.3285083,39.97470186182941,116.349232810758,2008-04-27 07:31:59,0
42,39.9822366,116.3268466,39.97470186182941,116.349232810758,2008-10-11 04:57:39,0
28,39.930894,116.311565,39.97470186182941,116.349232810758,2009-04-20 09:50:20,0
25,39.9909666,116.3002666,39.97470186182941,116.349232810758,2009-05-06 03:33:31,0
148,40.0698066666667,116.305113333333,39.97470186182941,116.349232810758,2011-07-10 05:53:42,0
2,39.87993,116.261062,39.97470186182941,116.349232810758,2008-11-01 02:17:53,0
163,39.979633951,116.448267065,39.97470186182941,116.349232810758,2012-03-15 21:33:45,0
140,39.9855466,116.4372066,39.97470186182941,116.349232810758,2009-07-17 19:56:35,0
163,39.968964,116.310097,39.97470186182941,116.349232810758,2008-04-29 09:49:33,0
50,39.9839630166667,116.312782283333,39.97470186182941,116.349232810758,2009-08-07 03:24:36,0
41,39.8640983,116.2698916,39.97470186182941,116.349232810758,2009-07-09 03:52:45,0
163,39.77433,116.41811,39.97470186182941,116.349232810758,2010-04-03 06:36:58,0
17,39.9671866,116.39241,39.97470186182941,116.349232810758,2009-04-10 00:18:24,0
41,39.9873383,116.4091649,39.97470186182941,116.349232810758,2009-02-17 00:38:39,0
4,40.001118,116.324765,39.97470186182941,116.349232810758,2009-06-23 18:03:22,0
17,40.0030899,116.3805933,39.97470186182941,116.349232810758,2009-03-22 08:18:47,0
44,39.971365,116.33327,39.97470186182941,116.349232810758,2009-02-19 09:43:09,0
1,40.01386,116.306515,39.97470186182941,116.349232810758,2008-12-13 20:15:11,0
36,39.811106,116.198749,39.97470186182941,116.349232810758,2009-07-06 00:15:01,0
85,39.896009,116.342407,39.97470186182941,116.349232810758,2008-10-14 23:09:51,0
153,40.056957,116.540925,39.97470186182941,116.349232810758,2008-08-01 05:43:46,0
50,39.8897781333333,116.303916933333,39.97470186182941,116.349232810758,2009-08-04 04:45:38,0
4,39.967132,116.315292,39.97470186182941,116.349232810758,2009-06-21 10:57:30,0
96,40.008289,116.319387,39.97470186182941,116.349232810758,2008-12-02 01:51:35,0
81,39.934899,116.337429,39.97470186182941,116.349232810758,2008-07-24 10:31:48,0
15,40.04915,116.30744,39.97470186182941,116.349232810758,2008-10-29 11:09:00,0
153,39.977916998,116.447314479,39.97470186182941,116.349232810758,2012-02-21 08:12:29,0
142,39.945368,116.275719,39.97470186182941,116.349232810758,2010-06-02 11:10:26,0
74,39.96962,116.303996666667,39.97470186182941,116.349232810758,2012-01-12 12:23:35,0
4,40.009638,116.322645,39.97470186182941,116.349232810758,2009-04-27 09:53:19,0
3,39.959879,116.269029,39.97470186182941,116.349232810758,2009-04-10 08:19:18,0
3,39.999842,116.327257,39.97470186182941,116.349232810758,2008-11-13 01:42:18,0
153,40.005579498,116.446826511,39.97470186182941,116.349232810758,2011-10-15 09:52:07,0
35,39.981819,116.321147,39.97470186182941,116.349232810758,2009-02-24 08:01:58,0
65,39.972612476,116.312430323,39.97470186182941,116.349232810758,2011-08-10 22:09:45,0
144,40.039181,116.424467,39.97470186182941,116.349232810758,2009-05-22 09:43:56,0
84,39.947976,116.3996,39.97470186182941,116.349232810758,2009-08-08 22:07:33,0
13,39.953065,116.412043,39.97470186182941,116.349232810758,2008-11-02 02:17:21,0
96,40.007827,116.319453,39.97470186182941,116.349232810758,2008-12-02 04:23:07,0
39,40.051477,116.406011,39.97470186182941,116.349232810758,2009-06-17 00:26:43,0
153,39.913299,116.471732,39.97470186182941,116.349232810758,2009-06-23 11:18:37,0
163,39.90627,116.368214,39.97470186182941,116.349232810758,2009-04-15 13:28:10,0
7,39.980735,116.337964,39.97470186182941,116.349232810758,2008-11-14 10:41:12,0
3,39.996018,116.329227,39.97470186182941,116.349232810758,2008-12-15 11:10:17,0
79,39.914756,116.350322,39.97470186182941,116.349232810758,2010-05-27 13:19:44,0
41,39.8713983,116.2588216,39.97470186182941,116.349232810758,2009-06-07 09:55:44,0
167,39.975782,116.327254,39.97470186182941,116.349232810758,2008-05-30 01:42:11,0
69,39.918195,116.300417,39.97470186182941,116.349232810758,2008-05-27 13:49:20,0
0,40.003555,116.321462,39.97470186182941,116.349232810758,2009-04-20 01:44:39,0
65,40.002055,116.325138333333,39.97470186182941,116.349232810758,2011-10-25 09:18:27,0
43,39.907198,116.482379,39.97470186182941,116.349232810758,2009-06-18 03:39:31,0
30,40.028001,116.342684,39.97470186182941,116.349232810758,2009-01-17 11:54:41,0
52,39.974507,116.311179,39.97470186182941,116.349232810758,2008-08-27 13:03:10,0
153,39.913085,116.468987,39.97470186182941,116.349232810758,2008-11-22 10:13:16,0
41,39.9310733,116.2946049,39.97470186182941,116.349232810758,2009-05-14 10:12:46,0
41,39.7826416,116.1754066,39.97470186182941,116.349232810758,2009-04-28 10:10:30,0
1,39.981278,116.310499,39.97470186182941,116.349232810758,2008-10-24 06:11:00,0
140,39.9402133,116.3492816,39.97470186182941,116.349232810758,2009-08-16 11:06:22,0
17,39.9730516,116.3880183,39.97470186182941,116.349232810758,2008-11-21 07:08:14,0
153,39.972193,116.463508,39.97470186182941,116.349232810758,2010-05-23 11:57:59,0
153,39.9129399,116.4719549,39.97470186182941,116.349232810758,2008-06-05 10:20:57,0
153,40.029901,116.421228,39.97470186182941,116.349232810758,2011-08-10 02:03:51,0
153,39.932305,116.432967,39.97470186182941,116.349232810758,2009-06-14 10:01:58,0
68,39.950433,116.419226,39.97470186182941,116.349232810758,2008-10-16 10:40:23,0
35,39.974141,116.343278,39.97470186182941,116.349232810758,2009-04-17 02:22:26,0
85,40.017969,116.319497,39.97470186182941,116.349232810758,2009-09-08 11:38:02,0
163,39.946474,116.362935,39.97470186182941,116.349232810758,2010-02-19 03:46:05,0
112,39.9752433,116.3293866,39.97470186182941,116.349232810758,2008-05-04 10:29:54,0
82,40.013316,116.32447,39.97470186182941,116.349232810758,2009-05-13 14:12:49,0
62,39.9750599,116.3217949,39.97470186182941,116.349232810758,2007-12-19 01:11:42,0
167,39.96958,116.420873,39.97470186182941,116.349232810758,2008-05-30 05:03:10,0
130,40.00673,116.340187,39.97470186182941,116.349232810758,2009-09-12 22:13:21,0
153,40.245031,116.138545,39.97470186182941,116.349232810758,2010-05-14 11:04:47,0
17,40.0213899,116.3528283,39.97470186182941,116.349232810758,2009-04-04 02:47:48,0
64,39.975423,116.32808,39.97470186182941,116.349232810758,2008-08-28 10:21:30,0
17,39.9770216,116.3479549,39.97470186182941,116.349232810758,2008-11-23 15:27:19,0
10,39.85274,116.335251,39.97470186182941,116.349232810758,2008-06-17 11:20:18,0
52,39.986739,116.377506,39.97470186182941,116.349232810758,2008-07-10 00:08:25,0
5,40.011359,116.321372,39.97470186182941,116.349232810758,2008-10-30 13:15:48,0
25,39.9865166,116.3028283,39.97470186182941,116.349232810758,2009-06-26 14:27:09,0
17,39.9176683,116.2687866,39.97470186182941,116.349232810758,2009-03-06 07:47:02,0
156,39.865358,116.492915,39.97470186182941,116.349232810758,2009-07-11 02:02:55,0
34,39.8886099,116.3450666,39.97470186182941,116.349232810758,2009-02-18 04:15:20,0
9,40.003323,116.34317,39.97470186182941,116.349232810758,2008-12-01 13:41:06,0
8,39.96649,116.331069,39.97470186182941,116.349232810758,2008-12-06 10:50:37,0
124,39.160013,117.205519,39.139055388888885,117.1952235555555,2008-10-03 22:15:08,1
10,39.142618,117.198508,39.139055388888885,117.1952235555555,2008-09-16 22:41:06,1
10,39.143233,117.199093,39.139055388888885,117.1952235555555,2008-10-03 22:17:39,1
67,39.1032533333333,117.168553333333,39.139055388888885,117.1952235555555,2011-05-07 08:34:04,1
6,39.121827,117.194975,39.139055388888885,117.1952235555555,2008-10-31 06:59:10,1
10,39.163388,117.204693,39.139055388888885,117.1952235555555,2008-10-07 11:39:57,1
153,47.614866,-122.188313,47.62755633333333,-122.151634,2010-11-10 02:44:45,2
153,47.630362,-122.137739,47.62755633333333,-122.151634,2010-11-09 18:38:03,2
142,47.622927,-122.153463,47.62755633333333,-122.151634,2008-04-30 17:27:09,2
153,47.629801,-122.160956,47.62755633333333,-122.151634,2010-11-10 02:50:23,2
82,47.638209,-122.132821,47.62755633333333,-122.151634,2008-08-06 16:55:47,2
153,47.629173,-122.136512,47.62755633333333,-122.151634,2010-11-10 03:02:32,2
10,40.335993,116.028098,40.3510747952381,116.00096528095243,2009-03-07 06:14:09,3
153,40.357005,115.999843,40.3510747952381,116.00096528095243,2009-07-09 03:24:27,3
84,40.356024,116.002627,40.3510747952381,116.00096528095243,2008-11-29 09:13:34,3
141,40.3583716666667,116.003971666667,40.3510747952381,116.00096528095243,2011-10-23 03:56:18,3
85,40.354385,116.006471,40.3510747952381,116.00096528095243,2009-07-05 06:49:57,3
153,40.333825,116.032303,40.3510747952381,116.00096528095243,2010-05-01 04:41:55,3
128,40.3619199,115.9334433,40.3510747952381,116.00096528095243,2009-01-01 08:12:18,3
