cluster_id,count,area,center,indices
0,754,"[np.float64(39.6918516), np.float64(116.016662), np.float64(40.3078433), np.float64(116.60905)]","[np.float64(39.97470186182941), np.float64(116.349232810758)]","[  0   2   3   4   5   6   7   8   9  10  11  12  13  15  16  17  21  22
  23  24  25  26  27  28  30  31  32  35  38  42  43  44  45  46  48  49
  50  52  53  55  56  58  59  61  62  65  68  70  72  73  75  76  77  78
  79  80  82  83  86  88  89  90  91  92  93  94  95  96  97  98  99 103
 105 107 109 110 111 112 115 116 117 118 120 121 122 123 125 126 127 128
 129 130 131 133 134 135 137 138 139 141 142 143 144 145 147 148 149 150
 151 152 153 154 156 159 160 161 162 165 166 167 168 169 171 172 173 176
 178 181 182 183 184 186 187 188 190 191 192 196 198 199 200 201 202 204
 206 207 208 209 210 214 216 217 219 220 221 222 223 224 225 227 228 229
 230 231 232 233 235 236 237 238 239 240 242 243 244 246 247 248 249 250
 252 253 254 255 256 257 258 259 260 261 262 264 266 267 269 270 271 272
 274 276 277 278 279 280 282 283 284 285 287 288 289 290 292 293 294 295
 296 297 298 300 301 302 304 305 306 308 309 312 313 314 315 317 318 319
 321 322 323 324 325 326 327 328 330 331 332 333 334 335 336 337 341 343
 344 345 346 347 348 349 350 352 354 355 356 358 359 360 361 362 363 364
 365 366 367 368 371 372 373 374 375 377 379 380 382 383 384 385 387 388
 389 390 391 392 393 394 395 396 397 398 399 400 402 404 405 406 408 409
 410 411 412 413 414 415 416 417 418 419 420 421 422 423 424 425 426 428
 429 431 432 435 436 437 438 439 440 441 442 443 444 445 446 447 448 449
 450 451 452 453 455 456 457 458 459 461 462 463 464 465 466 470 472 473
 475 476 477 478 479 480 481 482 484 485 487 488 489 492 493 494 495 497
 498 499 500 501 502 504 505 508 511 512 513 515 516 517 518 519 521 524
 525 526 527 528 529 530 531 532 535 536 537 538 539 541 542 545 546 547
 548 549 550 551 552 553 554 555 557 559 560 561 562 563 564 565 567 568
 569 571 574 575 576 577 580 581 582 583 584 586 588 589 591 592 593 595
 596 598 599 600 601 602 603 604 605 606 607 608 609 611 612 614 615 616
 617 619 620 621 623 624 626 627 628 629 630 631 632 633 634 636 637 638
 639 641 642 643 644 645 648 650 651 652 653 654 655 657 658 660 661 662
 663 664 665 668 673 674 675 676 677 678 680 681 682 684 685 686 687 688
 689 690 691 692 693 694 695 696 697 698 700 701 702 703 705 706 707 708
 709 710 711 712 716 717 719 720 721 722 723 724 725 727 728 729 730 731
 733 734 735 737 739 743 745 746 747 748 749 751 753 754 755 757 759 760
 761 763 764 765 767 768 769 771 772 773 775 776 777 778 780 781 784 785
 787 788 789 790 791 793 794 795 796 797 799 800 801 802 804 805 806 807
 808 809 810 811 812 813 814 815 816 817 818 819 821 822 824 825 827 829
 831 832 833 834 835 837 838 839 843 844 846 848 849 850 851 852 853 856
 857 858 859 860 861 862 863 864 866 867 868 869 870 871 872 873 874 875
 876 877 878 879 880 882 883 884 885 887 888 889 890 891 893 895 896 897
 898 899 901 902 903 904 906 907 909 910 912 913 914 915 916 917 918 919
 920 921 922 923 925 926 928 929 934 935 936 937 938 940 941 942 943 944
 946 947 949 950 951 952 955 956 962 964 966 967 968 970 971 972 973 974
 975 977 978 979 980 981 984 985 988 989 991 992 993 994 997 998]"
1,6,"[np.float64(39.1032533333333), np.float64(117.168553333333), np.float64(39.163388), np.float64(117.205519)]","[np.float64(39.139055388888885), np.float64(117.1952235555555)]",[ 40 104 119 177 594 672]
2,6,"[np.float64(47.614866), np.float64(-122.188313), np.float64(47.638209), np.float64(-122.132821)]","[np.float64(47.62755633333333), np.float64(-122.151634)]",[ 54 124 340 342 433 509]
3,7,"[np.float64(40.333825), np.float64(115.9334433), np.float64(40.3619199), np.float64(116.032303)]","[np.float64(40.3510747952381), np.float64(116.00096528095243)]",[101 218 245 303 640 713 841]
