user_id,longitude,latitude,timestamp
20,39.9751616666667,116.319621666667,2011-09-04 14:41:06
163,40.418368,-3.71207,2009-04-20 11:36:24
119,39.954078,116.493382,2008-08-04 17:01:21
4,39.941662,116.455956,2009-02-23 02:43:03
58,39.9783883333333,116.308788333333,2011-08-30 00:45:25
52,39.985108,116.352566,2008-06-04 18:42:55
96,40.008075,116.319242,2008-08-27 14:00:04
153,39.981014802,116.303548548,2012-04-08 18:39:31
42,39.8852049,116.3424716,2009-03-26 02:46:09
9,39.999633,116.341169,2008-12-10 00:27:06
85,40.067042,116.404917,2009-09-11 15:40:51
141,39.9755183333333,116.327575,2011-08-29 10:43:02
122,39.968094,116.399576,2009-05-24 22:13:29
71,39.986355,116.373398333333,2012-05-05 10:01:22
144,34.224289,92.437653,2009-07-07 05:07:55
153,39.931585,116.456207,2008-10-03 13:19:29
153,39.961304,116.476313,2009-10-11 10:39:06
165,39.979735,116.308686666667,2011-11-19 08:25:10
22,46.620645,124.917218,2009-01-20 07:16:09
10,31.306453,91.824681,2008-10-02 03:43:54
144,37.134862,98.864271,2009-07-06 17:13:04
39,39.978956,116.341634,2009-07-11 08:13:47
25,39.9787683,116.3108316,2009-05-26 06:00:19
17,39.9612949,116.2690316,2009-04-16 10:07:08
35,39.9841,116.317581,2009-02-26 22:07:58
85,39.981373,116.327521,2008-11-16 03:49:58
96,39.975058,116.341853,2008-11-17 06:23:28
10,40.068633,116.363776,2008-08-01 03:12:03
142,39.944353,116.294185,2010-06-25 11:33:05
4,40.463534,122.340765,2009-01-20 18:57:52
38,39.9684366,116.3099683,2009-03-09 01:58:37
22,39.965327,116.314966,2009-03-21 07:49:14
41,39.8657416,116.3025,2009-05-07 02:20:52
74,35.7297016666667,115.933538333333,2012-01-29 00:09:01
144,29.73436,91.976627,2009-07-08 02:17:51
52,39.98663,116.392583,2008-07-09 21:25:20
41,40.3191516,116.7784116,2009-03-21 05:15:25
128,40.2756599,116.3785883,2010-05-30 06:06:27
0,40.000656,116.327165,2009-05-08 02:08:12
66,34.266743,117.199177,2009-10-07 20:24:03
124,39.160013,117.205519,2008-10-03 22:15:08
101,40.3218649,116.3077416,2007-12-22 21:27:39
128,40.2308366,116.5170849,2009-06-14 00:49:17
128,40.0957483,116.2898066,2008-05-18 08:20:09
153,39.784803,116.186815,2011-05-02 12:30:45
128,40.0121983,116.3551666,2009-07-31 13:06:20
115,40.0137916,116.4718966,2008-05-28 09:41:39
25,30.6169416,114.251415,2009-05-15 02:48:30
68,39.972437,116.418968,2008-11-08 06:50:15
35,39.977486,116.327111,2009-04-02 06:30:32
168,40.069232,116.328474,2009-10-08 23:17:49
148,36.921705,114.486275,2011-05-14 16:28:40
13,39.967113,116.389916,2008-11-03 09:55:37
128,39.9459383,116.3356949,2008-05-04 07:00:48
153,47.614866,-122.188313,2010-11-10 02:44:45
22,39.970808,116.304037,2009-02-07 00:03:23
8,39.981352,116.327405,2008-12-01 05:58:26
10,30.054373,118.153035,2007-12-29 13:22:58
52,39.985155,116.353667,2008-06-09 12:48:45
68,39.956607,116.418479,2009-01-02 02:27:15
30,38.984952,116.107892,2009-01-27 11:20:34
167,39.974905,116.315105,2008-10-19 13:04:27
144,39.8862149,116.1225949,2009-02-20 23:34:56
25,31.5993849,120.25477,2009-01-30 01:13:20
124,35.01,92.99207,2008-10-02 10:35:25
156,39.867011,116.491188,2009-07-11 04:00:21
163,42.466163,117.244596,2010-08-07 03:42:16
148,35.766735,114.27182,2011-05-14 17:31:32
153,40.217451,116.214552,2009-07-09 06:28:12
26,37.816534,112.581223,2009-02-15 11:56:20
25,39.9843399,116.3108516,2009-05-06 13:08:06
144,1.348832,103.984443,2009-03-25 16:59:42
4,39.994834,116.326361,2009-01-01 10:43:52
167,39.96063,116.413482,2008-07-06 12:10:46
71,39.8674766666667,117.792496666667,2012-01-02 13:37:01
3,40.009889,116.322583,2008-12-22 04:06:13
36,39.972134,116.338682,2009-04-05 11:51:02
17,39.9647516,116.3740733,2008-12-02 06:38:16
35,39.981885,116.321132,2009-03-19 09:58:55
52,39.989528,116.307343,2008-05-25 07:19:11
141,39.9833866666667,116.29882,2011-09-18 09:33:43
128,30.320985,116.21739,2010-02-08 08:38:16
163,39.966126,116.320998,2010-02-19 02:52:49
78,40.014499,116.542993,2008-05-30 08:30:41
12,35.877479,117.100815,2008-11-14 17:30:44
25,18.2674833,109.483805,2009-02-10 13:25:56
153,39.98258,116.450781,2010-06-25 00:02:09
153,44.910621,8.877668,2009-05-02 12:08:04
35,39.977407,116.327626,2009-04-03 06:44:52
59,39.975415,116.324238333333,2011-08-29 10:38:27
17,39.9869883,116.4000066,2009-06-11 07:18:02
128,40.0763666,116.3227649,2010-11-15 00:40:06
17,39.9250149,116.3436516,2008-12-26 05:28:33
17,39.9693683,116.3320966,2009-01-15 10:55:46
50,39.8962364166667,116.306320183333,2009-08-04 10:25:14
17,39.9850716,116.3392949,2009-04-02 11:25:46
163,39.985627,116.44807,2010-10-29 18:46:33
41,39.9750733,116.3818199,2009-06-24 05:28:06
128,39.9989533,116.2676666,2008-12-18 08:54:54
163,39.96776,116.409085,2008-05-11 14:13:30
10,37.805727,113.499795,2007-10-18 02:06:33
10,40.335993,116.028098,2009-03-07 06:14:09
148,32.9952683333333,114.037361666667,2011-05-14 20:14:57
13,39.975314,116.332438,2009-02-15 06:33:59
10,39.142618,117.198508,2008-09-16 22:41:06
126,40.004887,116.320611,2008-10-16 10:28:32
153,40.519033,-3.901322,2009-04-21 12:16:44
50,39.99448395,116.1990509,2009-07-31 14:31:30
70,39.838127,116.672506,2008-09-28 07:48:06
25,39.9148433,116.4662316,2008-12-19 03:14:09
36,39.976141,116.337458,2009-04-12 17:36:24
36,39.97677,116.339432,2009-03-22 16:39:40
78,39.9724616,116.3268216,2008-05-07 23:00:22
153,23.331802591,120.433122666,2012-05-13 10:05:09
41,40.48216,116.8125783,2009-06-07 00:38:43
41,39.8964566,116.3379116,2009-03-13 02:11:15
41,39.9204433,116.3040983,2009-02-25 07:36:36
85,39.982309,116.309465,2008-10-16 03:39:35
153,40.03423572,116.589915695,2012-01-15 17:12:53
10,39.143233,117.199093,2008-10-03 22:17:39
96,40.001014,116.324593,2008-10-27 15:38:45
128,39.9673349,116.3433166,2009-03-11 13:34:12
68,39.941707,116.419357,2009-03-11 06:16:26
84,39.988325,116.431378,2008-08-03 09:38:39
153,47.630362,-122.137739,2010-11-09 18:38:03
128,40.0762716,116.3246783,2008-05-16 14:27:51
64,39.998373,116.385627,2008-08-16 08:09:34
65,39.94346,116.099696666667,2011-10-05 07:41:42
85,39.912433,116.334449,2009-03-06 11:17:08
147,39.975192,116.341556,2011-05-15 09:36:58
2,39.915435,116.339504,2009-02-07 08:11:50
128,39.981935,116.3244966,2010-07-20 09:52:50
38,40.38953,116.8425899,2009-03-22 08:59:50
39,40.072537,116.413099,2009-05-25 00:02:56
22,39.973211,116.333922,2009-03-07 03:25:21
41,39.8961749,116.2678349,2009-03-09 11:42:17
122,40.507429,117.068889,2009-09-02 14:44:30
153,39.93599,116.455872,2009-08-06 05:19:40
112,39.9730566,116.3274849,2008-06-03 01:46:35
44,40.037409,116.309906,2009-03-08 23:38:37
140,43.238035,117.5260983,2009-06-29 16:41:53
65,40.023675,116.346223333333,2011-08-28 07:37:41
85,39.975646,116.327262,2008-11-08 06:22:31
42,39.6918516,116.3418283,2009-03-23 07:01:28
30,40.00045,116.325098,2009-02-15 05:45:56
163,39.982776,116.443314,2010-07-10 11:21:19
140,41.0085983,117.9359716,2009-07-04 14:01:44
41,40.0111999,116.2734099,2009-07-08 23:36:12
17,39.9846266,116.3265583,2009-04-11 00:39:37
92,39.9697616,116.3033649,2008-06-21 13:29:12
52,39.9844,116.311583333333,2008-02-23 04:41:56
41,39.8706416,116.4023499,2009-06-01 06:13:47
16,39.975019,116.324226,2008-10-31 01:15:30
71,39.97725,116.342911666667,2012-04-07 11:29:56
25,39.9456266,116.4021883,2009-06-20 00:56:10
36,39.557077,116.751672,2009-02-18 07:03:46
92,39.9713266,116.3035733,2008-07-24 02:41:54
125,33.850864,113.894333,2008-08-27 16:54:45
10,36.477598,102.430433,2008-09-29 10:35:28
13,39.969808,116.374911,2008-11-10 23:47:48
22,40.060288,116.182194,2009-06-29 08:15:10
153,39.894271,116.454514,2008-11-24 07:16:04
167,39.980073,116.310941,2008-05-21 10:11:31
163,42.518857,117.232944,2010-08-07 05:17:20
65,40.00516,119.909609,2009-08-15 10:06:23
68,39.963721,116.268479,2009-08-05 19:17:24
153,39.972493925,116.441546544,2012-04-07 12:05:00
14,39.9862266,116.38022,2009-02-27 04:24:29
113,39.998928,116.380496,2010-05-27 01:13:19
141,39.975135,116.315953333333,2011-08-29 10:29:40
3,39.952409,116.801798,2009-04-25 18:08:24
58,40.0337433333333,116.313331666667,2011-03-10 01:39:04
24,40.039065,116.325304,2009-02-04 10:38:14
3,40.007667,116.319727,2009-01-08 07:04:41
124,34.322761,92.568465,2008-10-02 09:27:17
163,25.276877,110.292996,2010-12-23 12:59:52
65,39.9751833333333,116.321111666667,2011-09-05 11:05:24
67,39.1032533333333,117.168553333333,2011-05-07 08:34:04
41,39.7145616,116.1030099,2009-05-05 02:27:53
144,29.715642,121.198062,2009-08-25 08:02:31
10,34.151303,115.761133,2008-06-19 19:47:09
50,39.8651847833333,116.295349116667,2009-08-06 06:43:20
126,39.960844,116.418377,2008-07-06 12:12:42
74,39.9751283333333,116.329183333333,2012-03-03 12:30:13
29,39.85561,116.392509,2009-01-18 23:40:45
153,33.659287,-117.870343,2011-08-24 15:55:34
92,39.9725166,116.3090283,2008-03-10 08:23:23
167,39.995924,116.32659,2008-05-22 16:08:44
153,39.945529,116.467548,2009-07-20 12:04:33
41,39.7918116,116.6848916,2009-05-18 08:48:42
122,39.992291,116.212394,2009-05-28 15:37:49
4,39.991401,116.325032,2009-05-10 13:23:22
128,39.9480466,116.4660283,2008-05-14 14:22:58
135,29.858201,114.23508,2009-01-24 21:06:15
124,36.140643,94.765818,2008-09-30 20:57:22
144,7.981311,98.363817,2009-03-21 11:01:01
8,39.956642,116.354498,2008-11-18 01:55:12
2,37.417577,110.772658,2009-01-27 03:19:49
122,40.001074,116.401312,2009-09-20 10:32:47
168,39.947724,116.396966,2011-08-09 23:08:07
2,39.926407,116.336815,2009-03-19 14:46:29
39,39.88904,116.454685,2009-06-16 11:04:24
17,40.0097466,116.3371649,2008-10-31 09:36:18
163,22.238651398,114.19315141,2012-05-07 18:47:07
153,39.96697,116.345244,2008-08-07 15:40:31
153,24.731797,110.47912,2010-12-26 09:28:42
144,39.9758883,116.3110083,2008-12-03 00:40:08
16,39.973637,116.337744,2008-12-10 13:57:21
165,39.9742333333333,116.327588333333,2011-11-14 01:12:02
168,40.038043,116.405384,2011-07-06 13:56:11
37,39.9805549,116.2554716,2009-03-12 10:56:56
163,35.591637,114.169599,2008-05-04 04:09:14
36,22.566965,113.897864,2009-02-03 10:38:13
163,27.688737827,117.986883042,2011-12-22 15:56:03
14,39.9849266,116.3266466,2009-03-12 00:30:06
140,42.3585133,-71.0949683,2009-07-24 05:40:50
37,39.8786066,116.4616316,2009-07-11 09:14:28
140,39.9749499,116.3052216,2008-09-13 11:00:29
153,40.357005,115.999843,2009-07-09 03:24:27
141,39.9752583333333,116.3268,2011-08-30 00:21:08
41,39.8710566,116.2504766,2009-04-10 00:30:47
153,39.906175,116.329921,2011-02-03 12:25:21
167,39.98139,116.327423,2008-10-17 10:10:29
42,39.7559483,116.2708083,2009-02-10 05:58:24
85,39.93698,116.323853,2008-11-08 06:44:43
168,39.984594,116.318654,2011-08-08 02:34:37
163,39.059952,113.661449,2011-05-02 00:38:50
68,39.988901,116.418284,2009-06-03 12:40:37
167,39.97929,116.327337,2008-07-21 11:23:55
62,39.9867383,116.3926283,2008-09-14 09:48:15
65,39.9749,116.305575,2011-09-18 23:58:37
130,39.966246,116.35016,2009-09-11 18:59:12
4,39.999721,116.322208,2009-05-11 09:35:52
163,40.034961,116.34619,2011-03-13 04:24:06
17,40.93363,117.3338116,2009-01-27 02:36:23
6,39.980985,116.339335,2008-11-21 15:25:03
144,40.04224,116.4277683,2008-09-24 00:09:25
11,39.9835283,116.3491816,2008-10-11 08:17:21
142,40.093323,116.290223,2010-06-15 10:09:01
167,39.881985,116.406607,2008-10-18 07:46:05
74,39.9866433333333,116.395235,2012-02-08 06:30:27
63,31.88579,117.310074,2010-12-09 20:18:17
0,39.958513,116.316188,2008-11-13 07:58:32
35,39.974977,116.339369,2009-03-06 00:47:19
85,39.9805,116.327744,2008-05-30 17:29:33
84,40.356024,116.002627,2008-11-29 09:13:34
17,39.9671766,116.392755,2009-05-15 06:13:38
38,39.9200066,116.3119483,2009-02-09 02:41:50
68,39.973856,116.411492,2009-07-19 03:24:05
116,39.974949687,116.313507531,2011-08-02 09:26:37
119,39.932361,116.469441,2008-08-20 07:56:11
10,38.856183,115.46837,2007-10-22 03:49:12
128,39.984905,116.3273866,2009-08-21 01:35:15
167,40.176798,116.411169,2008-10-12 02:16:26
68,39.908497,116.420715,2009-07-28 04:35:49
36,39.981443,116.337431,2009-03-14 14:52:30
35,39.98185,116.321459,2009-03-01 23:39:45
25,39.9807716,116.3107599,2009-06-06 01:08:20
28,39.946857,116.125555,2009-04-13 11:04:02
96,40.0082,116.319363,2008-09-07 22:50:34
155,39.877923,116.454946,2009-07-11 06:33:33
40,39.950963,116.362382,2009-03-23 23:26:32
41,39.8332933,116.4596083,2009-03-30 02:45:29
124,33.855751,92.352196,2008-10-01 01:38:12
104,39.9637233,116.2844033,2008-10-02 11:58:57
92,42.2696083,116.8726099,2008-08-07 01:09:07
163,39.961823,116.454262,2010-10-16 12:16:56
3,39.906882,116.481273,2009-04-14 12:41:01
25,19.2046466,110.4325883,2009-02-09 03:38:30
128,39.9755199,116.3337466,2010-04-18 12:32:16
39,40.065262,116.406475,2009-05-21 00:20:49
141,39.978285,116.302321666667,2011-09-05 00:56:38
168,39.966508,116.340653,2011-07-23 08:53:29
153,32.713905,-117.175407,2011-08-20 23:21:43
37,39.9359133,116.455365,2009-07-10 09:00:05
140,43.9403066,116.0632133,2009-07-02 20:09:04
33,39.951943,116.360803,2009-01-11 20:51:04
68,39.968901,116.419511,2009-07-06 09:58:07
3,39.882174,116.406546,2009-01-01 06:53:40
65,40.0003033333333,116.326486666667,2011-09-19 04:12:59
52,39.981081,116.30685,2008-07-09 17:29:12
167,39.819738,119.482479,2008-06-08 04:54:16
82,40.037194,116.310819,2009-04-08 01:09:09
33,39.971405,116.333942,2009-01-12 11:49:45
42,39.6984832,116.3311783,2009-03-17 06:43:57
67,39.975305,116.329355,2010-12-14 13:51:19
163,25.193682,110.391856,2010-12-24 07:05:22
174,39.9832333333333,116.310233333333,2008-06-29 08:32:26
39,40.038943,116.325164,2009-06-09 23:20:16
168,39.986962,116.391573,2011-07-21 00:57:58
163,39.934755,116.349423,2011-02-16 03:53:49
25,31.5845933,120.357405,2009-01-25 04:41:57
126,39.967522,116.417317,2008-09-29 13:07:49
68,39.955066,116.419056,2008-10-28 08:24:39
25,40.0442149,116.2950933,2009-04-24 01:59:12
38,39.9689216,116.3094783,2009-03-13 02:29:38
41,39.898875,116.2585733,2009-06-09 22:41:48
41,39.9342499,116.1054616,2009-05-19 05:23:08
153,39.772366524,116.457296875,2012-01-23 15:32:27
67,31.9094,117.267341666667,2011-05-22 09:48:07
58,39.9805633333333,116.328601666667,2011-08-29 11:20:58
50,39.8755226166667,116.303955083333,2009-08-22 01:00:04
168,39.989703,116.401309,2011-06-28 22:58:39
141,40.3583716666667,116.003971666667,2011-10-23 03:56:18
5,39.977209,116.338335,2008-11-24 13:18:54
68,39.990357,116.417631,2008-11-02 06:58:57
12,39.989035,116.316195,2008-10-06 03:45:17
10,34.727588,104.972543,2008-04-05 13:52:59
128,40.0731133,116.3284283,2010-06-07 01:02:14
179,40.089123,116.299519,2008-08-28 13:43:01
144,7.684172,98.766395,2009-03-23 06:28:52
153,48.852184,2.355697,2009-04-26 15:20:48
17,39.9472583,116.3690183,2009-05-31 03:31:00
8,39.958384,116.361005,2008-11-05 13:47:44
153,39.966386,116.347413,2010-02-16 05:45:34
24,39.988905,116.394005,2009-01-17 05:32:09
144,36.9965249,111.8341016,2009-01-20 11:23:21
18,40.0354199,116.5660616,2008-12-02 04:18:17
41,39.88032,116.4553166,2009-03-13 05:34:46
2,39.925447,116.33325,2008-11-02 11:55:53
67,39.99747,119.743335,2011-06-04 08:50:13
84,39.932432,116.430508,2008-07-24 10:29:50
3,40.026668,116.343629,2009-01-17 11:54:50
20,39.9801783333333,116.30751,2011-08-27 07:00:10
83,39.9895749,116.3063283,2009-03-08 19:52:34
3,39.975862,116.454201,2009-05-22 00:05:41
10,40.009116,116.506133,2008-10-03 10:44:38
38,39.9987033,116.3158916,2009-02-26 04:13:05
15,39.974339,116.333734,2008-12-11 01:15:32
10,34.268006,117.201778,2008-12-19 21:15:07
41,39.8641966,116.267755,2009-03-03 05:49:41
25,39.9658316,116.3185699,2009-06-06 01:17:42
17,40.0306216,116.5569699,2009-04-08 09:04:22
140,39.9871133,116.4021866,2009-02-19 16:23:32
34,40.1031116,116.4042216,2009-04-11 09:08:58
0,39.90652,116.47472,2009-04-25 12:29:12
125,40.005782,116.315761,2008-09-17 04:14:45
22,39.984327,116.309415,2009-02-21 09:57:26
74,32.12062,115.104961666667,2012-01-28 19:22:21
172,49.87333,8.6576449,2008-06-20 06:19:59
142,47.622927,-122.153463,2008-04-30 17:27:09
36,39.968052,116.410385,2009-02-21 05:23:47
153,47.629801,-122.160956,2010-11-10 02:50:23
34,40.0331266,116.293925,2009-03-21 03:23:50
30,40.000435,116.327056,2009-05-22 04:15:36
26,39.973392,116.334368,2009-02-20 11:12:44
128,39.9756083,116.3316766,2008-11-07 02:13:01
79,39.931352,116.369187,2010-05-27 01:33:45
84,39.934672,116.430265,2008-07-25 03:19:30
25,39.9820733,116.3103633,2009-06-21 01:05:20
41,39.8638799,116.2720666,2009-06-19 23:37:01
163,40.477608,-3.844084,2009-04-21 13:24:42
68,39.969751,116.419816,2009-03-08 12:00:54
3,31.999384,120.842872,2009-01-25 14:44:41
128,39.9268249,116.4712383,2008-04-29 21:55:15
35,40.016564,116.309316,2009-04-09 13:46:11
7,39.984099,116.318826,2008-12-11 07:49:56
153,23.434173981,120.61676754,2012-05-13 10:36:48
153,39.907759,116.471758,2009-09-08 11:06:05
3,40.00758,116.319733,2009-07-02 11:15:51
35,39.981837,116.321144,2009-03-11 07:05:06
68,39.982528,116.418003,2009-05-31 03:00:53
62,39.9874766,116.3032083,2008-10-19 01:12:00
22,39.973636,116.334203,2009-04-25 12:37:45
28,39.924849,116.154819,2009-03-19 09:53:43
52,39.985013,116.352691,2008-06-11 04:30:34
30,40.009523,116.31512,2009-03-05 05:24:02
141,39.9905083333333,116.305118333333,2011-10-08 10:28:59
156,40.055033,116.322451,2009-07-09 02:06:49
74,25.5714433333333,116.593531666667,2012-01-19 06:12:38
12,41.92042,127.932361,2008-10-02 01:46:39
41,39.8301866,116.3703966,2009-05-20 07:43:36
153,40.198687,116.488442,2010-08-08 10:49:19
92,39.9680883,116.3012449,2008-05-27 12:30:16
19,39.9970583,116.2728583,2008-11-22 09:01:41
30,40.00688,116.321245,2009-02-01 10:22:21
41,40.328375,116.7967833,2009-03-21 05:14:18
20,39.97508,116.324625,2011-09-26 15:17:15
17,39.6033549,116.6852566,2009-05-28 04:47:37
153,39.925198,116.472642,2009-09-23 23:49:23
73,39.9719599,116.3250516,2008-08-22 13:38:08
31,40.142546,116.983768,2009-01-23 21:34:04
167,40.102139,116.396198,2008-12-13 07:50:58
77,39.879522,116.41139,2009-09-20 13:39:19
41,39.9447049,116.2678566,2009-06-13 10:44:57
30,39.995266,116.326275,2009-07-19 04:18:17
153,43.925825,11.128708,2009-05-02 15:18:57
153,39.973613,116.458128,2011-04-08 10:17:31
68,39.957527,116.269042,2009-08-14 19:00:16
25,39.9878883,116.3031816,2009-04-10 11:23:04
140,40.0380166,116.60905,2009-01-14 22:04:37
128,40.0906849,116.358365,2009-12-20 06:34:45
14,39.9796866,116.3250449,2008-11-06 06:26:37
179,39.996696,116.326851,2008-10-02 10:22:06
16,39.978109,116.315212,2008-11-24 07:11:47
68,39.970028,116.422367,2009-01-09 00:12:25
8,39.957106,116.360455,2008-10-26 12:20:50
153,40.016175,116.446394,2011-09-22 23:52:08
115,39.9208916,116.4838133,2008-07-06 23:30:22
50,39.8718338,116.3684082,2009-08-06 07:23:52
81,39.985732,116.349661,2008-05-23 12:37:02
3,35.554194,116.837866,2009-01-20 16:18:43
10,39.985233,116.327176,2009-01-14 06:37:35
153,24.807344885,121.018663698,2012-05-11 09:40:40
84,39.954125,116.329428,2008-09-01 00:24:17
46,39.941604,116.346798,2009-10-11 04:19:22
62,39.9873583,116.3973033,2008-08-24 05:41:09
67,31.9512916666667,117.281365,2011-05-20 23:30:09
153,39.975273,116.330291,2008-08-15 13:05:50
41,39.9178766,116.3059766,2009-03-13 10:01:14
68,39.969836,116.41815,2009-06-07 04:54:03
25,39.9847616,116.3067233,2009-04-02 12:42:49
153,39.985828,116.449913,2010-10-18 21:29:41
38,39.9865366,116.3101133,2009-02-21 12:22:40
78,39.97576,116.33037,2008-08-25 15:54:30
17,39.9857866,116.3447799,2009-02-06 00:07:52
14,39.9583266,116.3414516,2008-10-30 05:55:15
128,40.0769116,116.3264816,2008-09-10 13:50:50
25,39.9840266,116.3095683,2009-03-06 01:00:36
41,40.228745,116.1692266,2009-05-21 08:38:38
153,39.932542,116.477108,2009-08-09 11:15:23
39,39.939482,116.408639,2009-06-18 01:00:02
9,39.991824,116.333826,2008-12-14 08:18:47
145,39.970538,116.306992,2008-04-30 12:10:46
82,40.029929,116.314839,2009-03-19 13:57:29
13,39.974559,116.343902,2008-11-07 12:39:09
1,40.016468,116.310269,2008-12-07 10:10:58
0,31.239089,121.478855,2009-05-23 04:37:23
50,39.9825592041016,116.29940032959,2009-08-05 12:49:45
153,39.98686,116.433207,2009-10-05 09:59:41
163,39.046038,113.604061,2011-05-02 00:51:13
23,39.951243,116.310198,2009-01-13 07:51:59
10,39.891848,116.368331,2008-10-06 00:43:36
82,47.638209,-122.132821,2008-08-06 16:55:47
84,39.537552,116.694827,2008-11-08 12:55:27
25,40.0889716,116.11158,2009-03-22 01:46:17
144,40.0306016,116.2048883,2009-03-08 02:53:05
36,39.961412,116.438415,2009-02-21 02:34:57
85,39.980393,116.332671,2009-06-29 10:18:27
25,39.9875383,116.3043583,2009-04-09 12:20:02
36,39.906058,116.346704,2009-07-08 09:41:31
33,40.023974,116.516974,2009-01-15 03:23:54
144,40.027578,116.433614,2009-05-31 14:47:04
19,39.9935849,116.2743483,2008-11-22 08:54:44
153,40.006471713,116.503426531,2011-11-07 16:44:45
71,39.9802583333333,116.30572,2012-03-31 02:03:30
28,39.92275,116.301963,2009-02-09 23:21:56
17,39.8949433,116.1663416,2009-01-22 03:19:55
42,39.8966733,116.3360783,2009-02-12 08:05:57
46,39.906109,116.374866,2009-10-11 08:12:49
24,39.938038,116.189305,2009-05-20 05:13:53
179,40.08824,116.304303,2008-10-02 01:42:41
85,39.898836,116.340015,2008-10-20 23:22:14
6,39.98153,116.339173,2008-11-19 22:25:24
10,37.19362,96.823833,2008-09-30 10:28:19
167,39.999167,116.333658,2009-02-08 01:29:58
16,39.964498,116.100469,2008-11-10 11:08:26
128,40.2040616,116.2202816,2010-10-16 09:57:46
25,39.9667616,116.3767333,2009-06-04 04:27:55
153,39.97986,116.448835,2010-05-23 23:57:09
74,38.7614433333333,116.192293333333,2012-01-29 03:48:05
62,39.9193299,116.3472699,2008-07-30 13:53:27
37,39.9319299,116.2867333,2009-04-17 00:43:19
26,40.011391,116.312301,2009-01-15 11:50:46
41,40.1295116,116.477725,2009-04-28 00:24:50
41,40.0166583,116.2794766,2009-06-24 22:20:29
17,40.0161516,116.3417533,2009-03-28 04:29:35
68,30.545755,114.291827,2009-07-31 03:20:50
153,38.780311,114.625225,2011-05-02 09:35:25
153,23.475783178,120.711491818,2012-05-14 11:48:06
25,39.9933166,116.2994616,2009-04-19 08:26:17
153,37.370202,-121.921174,2010-11-05 18:57:03
165,39.9790083333333,116.307011666667,2011-11-18 01:53:23
85,39.900391,116.33967,2009-05-12 02:04:23
153,30.276096823,120.174552405,2011-12-09 10:20:51
10,39.892563,116.368383,2008-09-26 00:24:15
128,40.0731216,116.3284983,2009-09-14 13:27:28
84,39.977141,116.330312,2008-12-04 00:52:50
144,40.027295,116.432935,2009-07-20 17:39:57
163,39.986809024,116.388808951,2012-07-10 07:45:49
44,39.985641,116.327323,2009-03-09 12:44:23
167,40.00458,116.315711,2008-05-28 10:07:50
50,39.9356689453125,116.331520080566,2009-08-21 18:31:52
26,37.970526,113.889699,2009-01-19 07:34:30
167,39.9804,116.417958,2008-09-30 13:36:57
4,40.002494,116.317862,2008-11-07 10:45:28
172,62.2733699,-150.07871,2008-06-27 02:36:55
25,40.0513316,116.15414,2009-04-21 05:13:20
165,39.990315,116.331791666667,2011-11-14 07:42:11
62,40.0350683,116.3042116,2008-11-16 08:32:11
153,30.704932666,104.054481789,2011-10-07 14:49:47
10,30.59893,114.258065,2007-12-30 07:43:31
3,39.998078,116.337686,2009-02-21 14:16:56
35,39.981859,116.321019,2009-04-09 10:23:21
73,39.9750283,116.3196616,2008-05-28 03:07:44
128,39.97497,116.3114266,2010-11-19 10:53:16
167,39.8171,119.470082,2008-08-08 02:35:46
1,40.005435,116.317461,2008-11-12 00:07:32
0,39.98725,116.327115,2009-06-16 06:37:32
17,39.9645716,116.4097433,2008-12-05 06:34:32
43,39.803738,116.52856,2009-06-15 01:16:09
153,39.97743,116.446384,2010-08-05 00:07:40
25,39.9067566,116.4593483,2009-04-09 01:56:12
172,60.4578966,-149.36828,2008-06-27 18:23:51
17,39.9262766,116.4280066,2008-12-04 08:05:33
119,39.921485,116.47245,2008-09-07 10:45:46
36,23.434847,116.137777,2009-02-01 04:36:13
23,27.418383,113.087789,2009-01-17 08:51:24
153,40.002613102,116.461571978,2011-12-24 20:42:10
153,47.629173,-122.136512,2010-11-10 03:02:32
128,25.8899966,116.0241666,2010-10-03 02:14:52
153,39.92352,116.47224,2008-09-24 10:11:48
163,39.946334,116.366565,2009-08-30 05:06:51
3,40.000078,116.327367,2009-03-09 05:54:06
144,22.5322449,114.0756616,2008-11-13 10:43:23
7,39.974307,116.334401,2008-11-06 10:23:18
50,39.9601097166667,116.299812316667,2009-08-04 11:58:50
35,39.981959,116.326966,2009-03-23 00:56:34
68,39.992148,116.417748,2009-05-15 06:39:26
34,40.0600066,116.364565,2009-04-08 00:20:48
10,32.096376,118.722261,2008-12-20 02:46:28
140,40.0030049,116.20022,2009-03-27 05:55:49
30,39.942434,116.796404,2009-04-04 02:00:01
123,34.271285,108.935474,2009-09-27 08:35:04
68,39.99546,116.41791,2009-09-02 07:30:29
130,39.990003,116.334378,2009-09-18 10:00:47
153,39.904134,116.367121,2008-11-24 08:48:24
2,39.92595,116.33289,2009-02-04 11:14:40
126,39.986316,116.418585,2009-01-15 09:55:16
141,40.0026116666667,116.267835,2011-10-22 05:49:37
16,39.974272,116.337837,2008-11-18 12:37:14
140,39.9230699,116.5585032,2008-08-30 05:49:26
153,39.913914,116.41182,2008-08-01 06:17:56
144,40.0287366,115.7077549,2008-05-01 05:32:02
153,28.233635,113.001597,2009-10-18 08:34:24
50,39.9938087463379,116.195297241211,2009-08-18 16:30:12
168,40.004554,116.393972,2011-08-20 06:32:56
68,39.930619,116.382802,2009-03-14 05:27:56
17,39.8622949,116.3673883,2009-02-25 06:00:49
126,39.969885,116.41989,2008-05-31 13:48:04
13,38.906949,121.591404,2009-01-30 08:47:42
65,39.9727266666667,116.312478333333,2011-09-28 01:00:27
25,39.9985766,116.3049233,2008-12-24 04:14:21
128,42.1818299,128.1714733,2009-10-04 02:57:00
168,27.516588,112.003138,2009-10-02 08:56:26
41,40.2915566,116.5832749,2009-06-18 02:28:28
85,40.042236,116.306694,2009-09-07 13:42:16
59,39.9909583333333,116.17238,2011-03-12 05:53:44
112,39.9743749,116.3111933,2008-07-10 11:46:53
50,39.9585495,116.274322516667,2009-08-21 11:09:12
141,39.9745416666667,116.314523333333,2011-09-29 12:13:19
85,39.865587,116.346816,2008-05-22 06:37:06
128,40.0558733,116.3211399,2009-10-20 00:36:51
153,39.932772,116.459435,2009-06-15 13:45:04
28,39.967785,116.101583,2009-04-04 12:29:15
96,40.007897,116.322711,2008-10-16 03:55:22
128,42.3728183,117.3774033,2009-07-11 07:15:02
17,39.97554,116.3797016,2009-04-08 06:56:32
74,39.6383733333333,115.624778333333,2012-04-14 02:25:20
65,39.9715116666667,116.31613,2011-09-08 03:47:29
144,40.027572,116.433737,2009-05-31 13:14:24
68,39.980278,116.414201,2008-10-07 13:17:08
9,40.002158,116.342655,2008-11-04 10:23:37
52,39.970837,116.305421,2008-09-02 09:24:41
84,39.934743,116.43007,2008-10-29 00:54:55
13,40.167755,116.127865,2008-10-28 22:38:32
5,22.162204,113.553165,2008-11-30 14:04:12
52,39.983984,116.352976,2008-06-11 08:13:10
14,39.9703566,116.2719149,2009-01-13 09:12:45
13,40.167195,116.12877,2008-10-27 08:29:17
43,39.899857,116.686275,2009-06-09 12:44:09
9,39.959925,116.359115,2008-11-01 06:34:08
12,35.526097,116.857388,2008-11-16 19:49:50
148,33.1149066666667,114.035123333333,2011-05-14 20:09:48
24,39.820019,116.498115,2009-02-24 01:01:42
22,39.973613,116.334513,2009-04-28 09:26:25
126,40.005498,116.321315,2008-11-27 02:11:48
126,40.105815,116.098794,2008-09-29 02:51:20
26,39.421958,115.932349,2009-01-19 04:00:43
84,38.882829,115.497167,2008-09-25 10:34:58
43,39.799369,116.511014,2009-06-15 04:27:04
2,39.927091,116.337682,2009-02-21 13:32:40
144,39.977123,116.374736,2009-07-28 00:45:02
163,39.933229,116.427881,2011-02-07 13:12:35
163,39.967331,116.394476,2010-02-16 05:40:54
140,43.528865,117.2283116,2009-06-29 15:10:31
15,40.008272,116.317451,2009-03-03 00:51:13
140,43.9549633,117.5194533,2009-06-29 12:23:50
168,39.92602,116.319736,2011-07-12 11:23:17
22,39.968715,116.309431,2009-02-17 11:44:26
13,39.344204,118.640659,2008-10-02 01:06:35
50,39.96868515,116.263465883333,2009-08-02 13:07:38
66,39.992043,116.439932,2009-05-27 17:09:12
128,40.0094866,116.48267,2010-08-07 10:04:11
6,39.121827,117.194975,2008-10-31 06:59:10
52,39.985669,116.370824,2008-07-30 13:33:09
126,39.9686266,116.3135749,2008-06-29 12:16:01
140,28.7255316,115.8809716,2009-01-28 06:11:40
14,39.9639916,116.3630016,2008-12-16 02:42:30
153,39.952045,116.462104,2009-07-29 12:03:33
128,39.9855266,116.188565,2010-01-09 08:08:59
68,39.996645,116.417131,2008-12-06 05:06:21
163,40.03108,116.433944,2010-12-11 06:40:08
163,39.98738187,116.449232312,2012-06-09 16:22:44
100,39.978084279,116.304245257,2011-07-31 10:36:31
24,40.08748,116.433595,2009-02-04 09:53:01
14,39.9914066,116.3242899,2009-04-07 04:09:30
37,39.9812616,116.2556666,2009-04-19 18:41:33
18,39.9012933,116.3928349,2008-11-07 04:14:42
2,39.907485,116.370009,2009-03-19 14:25:59
10,37.150669,99.669748,2008-09-29 16:39:52
96,39.991247,116.334008,2008-09-07 13:51:34
37,39.9408516,116.4553733,2009-04-15 02:58:52
122,22.538363,113.973604,2009-07-21 13:20:52
35,39.990403,116.330114,2009-02-26 12:22:01
153,39.974941,116.456046,2009-09-06 11:10:27
85,39.9371383,116.3246299,2008-08-31 11:43:48
96,40.007847,116.319245,2008-12-01 17:40:19
10,33.09539,115.845809,2008-06-19 18:31:57
153,39.952677,116.486987,2009-03-29 07:42:50
144,40.0210083,116.4173099,2008-11-30 13:48:02
128,40.0766716,116.32612,2010-06-22 14:30:34
6,39.359118,117.044775,2008-12-07 11:02:31
22,39.951568,116.317643,2009-06-17 13:42:30
163,40.031115001,116.434184854,2011-11-14 08:38:49
153,30.252719691,120.173027474,2012-02-08 15:11:49
7,39.980365,116.338943,2008-11-03 10:02:44
78,39.975356,116.328859,2008-08-09 14:43:53
167,39.97529,116.362227,2008-05-30 04:00:29
30,39.917893,116.205624,2009-04-13 22:33:40
30,39.999735,116.318869,2009-02-24 00:59:12
39,39.890787,116.453698,2009-05-14 12:06:03
128,40.0694966,116.3135566,2008-07-01 01:33:54
17,39.9731383,116.3879966,2008-11-17 00:59:56
153,39.925825,116.471878,2009-02-14 11:06:28
22,46.621564,124.916183,2009-01-16 16:58:33
30,40.004874,116.320988,2009-04-09 05:36:46
163,40.014417,116.1961,2010-04-18 06:10:30
30,40.002023,116.324744,2009-06-22 15:36:43
112,39.9725483,116.3269149,2008-05-08 01:27:34
85,40.354385,116.006471,2009-07-05 06:49:57
167,40.003308,116.32153,2009-01-13 04:49:30
172,39.9769349,116.3290683,2008-07-18 11:47:02
14,40.0931449,116.4782516,2008-11-16 00:55:27
153,39.988289,116.46897,2010-02-16 09:20:15
85,39.981922,116.332451,2009-08-13 00:36:02
167,39.822463,118.200471,2008-06-07 02:48:51
153,25.367166,110.087398,2010-12-25 09:31:45
128,40.0777949,116.3032833,2010-05-30 01:53:32
140,41.0129699,117.9450133,2009-04-05 10:02:24
1,40.007765,116.32953,2008-11-21 00:20:25
115,39.9437866,116.533645,2008-06-11 23:28:17
128,40.0702866,116.328705,2010-08-03 01:29:51
126,39.982361,116.387094,2008-08-02 12:50:09
68,39.972316,116.415729,2008-11-28 11:29:34
128,39.9815883,116.3059499,2010-11-26 11:02:01
71,39.75787,118.730048333333,2011-12-31 15:09:17
37,39.8554466,116.3487716,2009-07-15 12:04:39
128,40.0506716,116.3006049,2010-03-30 01:39:30
10,36.616246,101.807909,2008-10-03 04:08:21
82,40.052324,116.400262,2009-03-11 15:46:10
78,39.97288,116.327415,2008-07-22 00:37:13
8,39.982248,116.347619,2008-11-18 05:55:37
155,40.069448,116.345798,2009-05-21 23:26:17
3,39.999866,116.326958,2008-12-07 19:27:40
4,39.960115,116.295582,2009-03-03 00:26:14
67,36.9679316666667,114.495953333333,2011-05-22 19:40:53
124,36.732166,95.138971,2008-10-02 14:56:10
179,39.985888,116.310065,2008-10-26 02:52:31
135,26.789612,111.977533,2009-01-25 02:38:08
163,42.461379,117.217768,2010-08-07 03:51:07
128,39.8467716,119.5161249,2009-08-07 10:59:51
10,39.163388,117.204693,2008-10-07 11:39:57
17,39.9848616,116.3330233,2009-06-23 07:32:32
119,39.999762,116.386779,2008-08-23 12:37:50
38,39.9448283,116.3178966,2009-03-07 08:55:10
14,39.9430816,116.4276233,2008-11-30 03:01:29
153,39.907166,116.412147,2009-06-19 03:16:29
34,39.9917116,116.3329733,2009-04-13 09:21:01
74,37.877635,115.61618,2012-01-29 02:49:00
68,39.969031,116.419621,2008-11-10 00:09:07
41,39.722725,116.10701,2009-03-06 13:03:59
3,39.907653,116.368331,2009-01-11 06:26:48
74,25.39981,116.648141666667,2012-01-19 06:46:02
17,39.9230833,116.2576333,2009-01-14 06:10:04
65,39.97525,116.317708333333,2011-09-13 00:57:56
34,39.8894366,116.3041799,2009-07-19 22:54:56
84,39.977605,116.016662,2008-09-14 01:56:31
144,40.0334366,116.43092,2008-09-23 10:22:17
3,40.007515,116.319842,2008-11-09 20:11:46
35,39.977921,116.300512,2009-04-16 03:43:20
50,39.9607467666667,116.301269533333,2009-08-10 06:48:26
41,40.3078433,116.5280133,2009-06-18 02:05:55
62,39.9874833,116.3014949,2008-08-19 07:51:24
126,39.987129,116.3271,2008-12-03 15:21:33
14,39.9387133,116.3493799,2009-03-03 07:31:30
17,39.9970366,116.380765,2009-01-08 03:00:49
41,39.945375,116.2740116,2009-03-03 05:35:12
24,40.053149,116.322062,2009-02-22 02:38:16
89,39.9622333,115.8831033,2008-05-18 04:18:13
22,39.973413,116.334107,2009-03-07 03:05:51
144,39.9677233,116.4127699,2008-08-25 10:10:17
13,39.987838,116.416447,2009-02-15 05:52:03
83,39.978195,116.3278333,2009-01-10 17:56:29
144,29.684249,121.277841,2009-08-27 01:42:36
153,39.888099,116.365751,2008-11-24 07:44:58
84,39.932268,116.420388,2008-07-22 00:22:55
153,39.965985,116.3224483,2008-06-28 13:34:12
50,39.9441948,116.303565983333,2009-08-19 06:37:51
3,40.007985,116.320991,2009-06-09 07:44:51
3,39.99174,116.327463,2009-01-15 11:06:53
42,39.7652033,116.3365149,2009-02-25 09:50:53
30,40.009669,116.314789,2009-02-07 09:59:25
153,40.333825,116.032303,2010-05-01 04:41:55
25,31.5923182,120.3071533,2009-01-18 02:49:38
3,38.412254,116.89839,2009-01-20 13:11:45
17,40.0687266,116.2891216,2009-06-20 15:29:42
68,39.968526,116.42396,2009-04-11 11:00:39
167,39.993137,117.387799,2008-06-07 01:43:28
38,39.9882133,116.3097983,2009-02-27 04:04:16
83,39.9354233,116.3666366,2009-09-19 12:02:33
153,40.267352,116.102422,2010-05-01 04:06:26
30,39.971516,116.316947,2009-04-09 11:52:26
128,39.9921183,116.3947433,2010-08-06 06:47:41
14,39.9446633,116.35772,2008-10-26 00:43:23
35,39.977925,116.300448,2009-03-17 04:19:03
41,40.2105233,116.6364316,2009-06-10 03:26:10
43,39.949658,116.314203,2009-02-08 11:54:10
84,39.935619,116.430889,2009-05-31 01:21:19
153,40.012622996,116.510413296,2012-01-17 14:40:40
35,39.981538,116.321178,2009-03-10 02:07:36
85,39.939871,116.303738,2008-10-23 02:30:14
75,30.604785,121.131285,2011-09-30 21:02:00
9,39.999607,116.336697,2008-10-29 00:21:53
153,39.973411,116.443278,2010-04-06 12:46:02
50,39.8658103942871,116.290534973145,2009-08-04 16:19:54
25,18.2415933,109.5026166,2009-02-12 13:03:54
68,39.995971,116.417662,2009-04-15 14:35:57
3,31.294043,121.545749,2009-03-22 10:51:37
20,39.9777683333333,116.33048,2011-08-28 16:38:02
163,42.011248,117.676348,2010-08-08 06:41:50
67,36.8977783333333,114.488365,2011-05-22 19:36:58
36,22.932639,115.541386,2009-02-02 00:34:46
17,39.922,116.3399733,2009-06-12 05:02:31
163,24.622938343,117.088434472,2011-12-19 15:10:35
11,39.8999749,116.3778616,2008-09-29 11:49:18
18,39.9305566,116.3995399,2008-11-06 09:38:15
153,39.966989,116.345128,2008-10-28 14:53:45
22,39.973922,116.332321,2009-04-28 08:05:32
36,39.97231,116.346772,2009-02-20 02:14:02
153,25.298015,110.163187,2010-12-25 02:01:41
84,39.954523,116.418847,2008-10-24 00:19:29
10,20.966307,110.03872,2007-09-21 15:06:40
50,39.8757438666667,116.289085383333,2009-08-04 09:07:28
153,39.973941,116.443449,2010-04-24 04:01:47
42,39.730545,116.3334299,2009-03-04 05:26:12
153,25.07249,110.301351,2010-12-27 01:27:18
126,40.16545,116.23831,2008-12-20 06:47:57
180,32.677554,115.596828,2009-05-29 03:18:23
41,39.8648049,116.2763983,2009-06-15 02:26:15
67,39.978991,116.332595,2011-03-12 21:50:14
22,39.973355,116.334132,2009-05-12 10:05:42
10,29.761058,118.357428,2007-12-31 06:14:06
153,39.951132,116.465307,2008-11-29 14:18:15
15,40.005505,116.324363,2009-03-03 09:42:24
85,39.981423,116.328053,2008-05-22 04:13:25
163,25.041909545,121.544156049,2012-05-15 17:35:21
168,40.00441,116.393975,2011-06-18 03:26:44
14,39.9822016,116.381325,2009-02-25 23:37:32
2,40.050621,116.300263,2009-02-18 10:53:33
10,31.449738,120.439726,2008-12-20 12:06:53
153,39.915015,116.47163,2008-11-07 00:05:54
4,39.999856,116.324799,2008-12-15 02:10:23
25,39.9743199,116.3593633,2009-03-18 10:15:49
25,35.451645,116.9077916,2009-01-12 05:41:00
144,40.0584133,116.4076116,2008-12-12 11:09:05
24,40.010941,116.272876,2009-01-17 04:32:59
140,40.0094599,116.1957283,2009-03-27 06:37:17
29,39.814468,116.505018,2009-01-14 00:00:12
10,35.304588,117.048873,2007-12-28 09:53:00
167,40.004688,116.318167,2008-05-15 12:22:00
38,39.9697349,116.2999516,2009-07-15 11:07:16
67,35.5816633333333,116.82877,2011-06-16 21:02:43
144,37.211193,96.351553,2009-07-06 20:31:28
167,39.906589,116.390034,2008-10-18 12:14:11
17,39.853475,116.365155,2009-05-22 05:39:59
163,41.375559,2.179983,2009-04-25 18:04:32
81,39.985012,116.326794,2008-06-08 01:33:50
38,40.0016083,116.2688816,2009-07-10 06:50:34
39,39.974769,116.363241,2009-02-12 00:07:32
153,39.936264,116.484025,2009-03-29 04:33:17
52,39.975283,116.358911,2008-08-31 23:56:18
10,32.175425,119.255704,2008-12-20 04:37:52
42,39.9078933,116.454125,2009-02-27 02:30:48
36,39.947686,116.410191,2009-02-17 06:08:35
75,39.9745316666667,116.331225,2011-09-03 00:28:31
20,39.975105,116.32187,2011-09-13 15:33:00
16,39.977107,116.300329,2008-11-23 04:18:37
153,48.727078,2.356307,2009-04-29 10:07:22
14,40.2094416,116.5251066,2009-02-15 09:49:55
141,39.9990733333333,116.265548333333,2011-10-22 06:57:51
128,40.0315366,116.3139033,2009-02-10 14:45:09
41,39.8641483,116.2672583,2009-05-19 01:27:52
168,27.296639,111.869347,2009-10-02 08:04:47
3,39.909018,116.577463,2009-04-19 10:51:52
152,40.003495,116.318731,2008-08-23 10:57:32
20,39.9774216666667,116.330601666667,2011-09-01 15:02:39
96,40.008031,116.31939,2008-07-17 20:38:16
52,39.99013,116.360309,2008-07-10 00:26:45
35,39.977886,116.300551,2009-03-11 05:26:11
163,39.98716428,116.395462387,2012-06-26 11:01:56
156,40.219556,116.237347,2009-07-09 06:58:02
22,40.058449,116.40433,2009-07-18 19:38:11
59,39.985555,116.315498333333,2011-03-12 10:30:20
65,40.01141,116.279043333333,2011-09-23 15:12:33
96,39.976755,116.331262,2008-07-15 03:12:56
128,39.9917583,116.3314933,2008-10-28 02:12:23
30,40.000601,116.321991,2009-04-23 01:32:15
126,40.001452,116.331112,2009-02-08 01:25:52
0,40.002482,116.326559,2009-06-09 13:35:07
95,40.464221,115.973812,2011-02-24 09:07:33
3,39.998574,116.326719,2009-01-19 09:56:50
17,39.9750566,116.3382866,2008-12-28 02:37:39
135,35.832568,114.309609,2009-01-24 13:07:41
128,39.9394983,116.3481966,2010-03-11 05:04:59
41,39.940425,116.5812283,2009-04-21 06:47:08
3,39.952251,116.801854,2009-04-14 13:48:41
128,39.8762883,116.342985,2009-02-08 08:30:24
52,36.509404,103.620157,2008-07-31 02:07:17
62,39.9910783,116.3132333,2007-12-14 06:11:00
140,27.1259733,114.9971999,2009-01-17 12:08:37
68,39.934594,116.4951,2009-07-06 08:15:39
25,39.9870949,116.3033216,2009-02-07 06:04:53
5,39.993579,116.326796,2009-02-22 09:39:45
17,39.9829933,116.3473016,2009-02-04 00:21:32
11,39.8646883,116.3939883,2008-10-01 01:08:21
124,33.556969,92.036921,2008-10-02 08:13:43
125,39.97445,116.331737,2008-10-06 12:56:50
163,39.986236,116.366811,2010-02-17 12:05:15
6,39.981255,116.341687,2008-11-12 11:40:52
153,30.695832709,120.502634049,2011-11-26 11:49:00
128,40.3619199,115.9334433,2009-01-01 08:12:18
23,26.7987333333333,112.06077,2009-01-17 02:41:54
128,39.9859583,116.3650599,2009-06-27 10:01:16
89,40.0249849,116.3072833,2008-05-11 07:18:06
163,38.868549,115.10224,2011-05-02 10:27:47
125,39.991526,116.325867,2008-08-24 05:38:24
128,32.1225816,115.1067549,2009-02-02 13:41:15
17,39.9744033,116.4672883,2009-02-16 13:42:38
153,39.958363,116.294925,2008-09-02 10:20:03
67,39.7228816666667,116.320868333333,2011-05-20 14:20:31
39,39.977158,116.338486,2009-05-09 23:52:50
30,40.002307,116.324473,2009-03-12 09:25:33
1,39.966319,116.34441,2008-12-09 05:16:27
180,36.733549,115.797783,2009-05-28 23:24:41
160,13.366754,103.851025,2010-12-28 08:43:47
14,40.1484566,116.523885,2008-11-16 03:46:21
177,39.939228,116.347431,2009-09-19 17:42:37
93,39.9761433,116.3302283,2008-07-14 17:54:00
115,40.0138516,116.4676316,2008-05-13 23:44:51
142,39.984659,116.318429,2008-12-26 07:49:54
141,39.99823,116.229863333333,2011-10-22 05:32:43
25,39.9888816,116.3092916,2009-03-05 11:18:48
11,39.9806683,116.3477449,2008-10-07 10:54:22
141,39.9794166666667,116.32702,2011-09-26 00:19:40
17,40.5146516,117.0853499,2009-06-14 09:43:20
39,39.890258,116.45442,2009-02-26 10:36:59
41,39.86963,116.4539749,2009-03-19 23:03:56
65,39.9230733333333,116.164225,2011-10-05 07:55:24
68,39.970293,116.419843,2009-07-12 13:52:18
13,40.167171,116.128802,2008-10-27 01:02:44
38,40.0596249,116.3441483,2009-07-18 05:42:51
153,39.995669,116.386936,2009-07-19 13:10:32
4,39.986298,116.327083,2009-01-13 02:43:25
41,39.9973466,116.2874333,2009-02-16 04:20:32
22,39.969939,116.30186,2009-03-07 01:24:33
62,39.9858883,116.3478649,2008-08-28 09:56:39
115,40.0166433,116.368335,2008-06-30 00:34:19
153,39.927331,116.483716,2011-02-02 03:11:46
128,40.07305,116.3285083,2008-04-27 07:31:59
42,39.9822366,116.3268466,2008-10-11 04:57:39
153,31.183299,121.471124,2010-08-28 06:11:06
28,39.930894,116.311565,2009-04-20 09:50:20
25,39.9909666,116.3002666,2009-05-06 03:33:31
148,40.0698066666667,116.305113333333,2011-07-10 05:53:42
2,39.87993,116.261062,2008-11-01 02:17:53
144,41.0453766,121.2494666,2008-09-29 02:19:27
163,39.979633951,116.448267065,2012-03-15 21:33:45
140,39.9855466,116.4372066,2009-07-17 19:56:35
163,39.968964,116.310097,2008-04-29 09:49:33
50,39.9839630166667,116.312782283333,2009-08-07 03:24:36
41,39.8640983,116.2698916,2009-07-09 03:52:45
84,18.412585,109.778533,2008-08-28 04:03:52
163,39.77433,116.41811,2010-04-03 06:36:58
153,30.7047668,104.049311408,2011-10-06 12:53:49
17,39.9671866,116.39241,2009-04-10 00:18:24
41,39.9873383,116.4091649,2009-02-17 00:38:39
4,40.001118,116.324765,2009-06-23 18:03:22
17,40.0030899,116.3805933,2009-03-22 08:18:47
44,39.971365,116.33327,2009-02-19 09:43:09
4,38.919858,121.548721,2009-02-08 03:14:06
1,40.01386,116.306515,2008-12-13 20:15:11
36,39.811106,116.198749,2009-07-06 00:15:01
85,39.896009,116.342407,2008-10-14 23:09:51
153,40.056957,116.540925,2008-08-01 05:43:46
39,40.36583,116.678182,2009-06-05 04:55:34
50,39.8897781333333,116.303916933333,2009-08-04 04:45:38
4,39.967132,116.315292,2009-06-21 10:57:30
27,33.326394,116.318118,2009-01-23 01:56:49
96,40.008289,116.319387,2008-12-02 01:51:35
81,39.934899,116.337429,2008-07-24 10:31:48
10,44.394057,125.629628,2007-08-05 17:03:28
15,40.04915,116.30744,2008-10-29 11:09:00
153,39.977916998,116.447314479,2012-02-21 08:12:29
142,39.945368,116.275719,2010-06-02 11:10:26
74,39.96962,116.303996666667,2012-01-12 12:23:35
4,40.009638,116.322645,2009-04-27 09:53:19
3,39.959879,116.269029,2009-04-10 08:19:18
3,39.999842,116.327257,2008-11-13 01:42:18
153,40.005579498,116.446826511,2011-10-15 09:52:07
35,39.981819,116.321147,2009-02-24 08:01:58
65,39.972612476,116.312430323,2011-08-10 22:09:45
144,40.039181,116.424467,2009-05-22 09:43:56
84,39.947976,116.3996,2009-08-08 22:07:33
10,36.751576,101.138986,2008-09-29 14:29:08
13,39.953065,116.412043,2008-11-02 02:17:21
96,40.007827,116.319453,2008-12-02 04:23:07
10,39.465819,115.968461,2008-09-28 14:06:59
39,40.051477,116.406011,2009-06-17 00:26:43
153,39.913299,116.471732,2009-06-23 11:18:37
41,40.1095866,117.0595033,2009-07-09 02:35:30
124,34.640621,92.869971,2008-10-01 00:24:50
25,31.2292049,121.4771433,2009-05-04 07:10:12
36,23.381006,116.18498,2009-02-01 23:14:48
163,39.90627,116.368214,2009-04-15 13:28:10
7,39.980735,116.337964,2008-11-14 10:41:12
3,39.996018,116.329227,2008-12-15 11:10:17
79,39.914756,116.350322,2010-05-27 13:19:44
41,39.8713983,116.2588216,2009-06-07 09:55:44
153,38.818495,114.301717,2011-05-02 08:52:05
167,39.975782,116.327254,2008-05-30 01:42:11
69,39.918195,116.300417,2008-05-27 13:49:20
0,40.003555,116.321462,2009-04-20 01:44:39
65,40.002055,116.325138333333,2011-10-25 09:18:27
43,39.907198,116.482379,2009-06-18 03:39:31
128,40.4423799,116.6614333,2009-12-26 02:18:51
30,40.028001,116.342684,2009-01-17 11:54:41
52,39.974507,116.311179,2008-08-27 13:03:10
153,24.519731577,117.704687801,2011-12-19 08:59:57
153,39.913085,116.468987,2008-11-22 10:13:16
41,39.9310733,116.2946049,2009-05-14 10:12:46
41,39.7826416,116.1754066,2009-04-28 10:10:30
1,39.981278,116.310499,2008-10-24 06:11:00
144,8.299232,98.379155,2009-03-22 07:40:07
22,46.621066,124.918067,2009-01-18 22:17:23
140,39.9402133,116.3492816,2009-08-16 11:06:22
17,39.9730516,116.3880183,2008-11-21 07:08:14
128,39.7825599,119.4176033,2008-08-12 00:37:53
67,31.8727533333333,117.245003333333,2011-05-22 08:53:07
153,40.395046,116.968559,2010-08-08 10:25:25
67,34.1899083333333,117.190433333333,2011-05-20 20:43:31
4,39.342071,121.856227,2009-01-20 20:43:33
153,39.972193,116.463508,2010-05-23 11:57:59
144,36.624686,101.753981,2009-07-05 00:03:25
153,39.9129399,116.4719549,2008-06-05 10:20:57
128,43.8913616,126.4201549,2009-10-02 05:27:53
153,40.029901,116.421228,2011-08-10 02:03:51
153,39.932305,116.432967,2009-06-14 10:01:58
68,39.950433,116.419226,2008-10-16 10:40:23
13,38.907089,121.587366,2009-01-30 08:47:17
35,39.974141,116.343278,2009-04-17 02:22:26
85,40.017969,116.319497,2009-09-08 11:38:02
163,39.946474,116.362935,2010-02-19 03:46:05
112,39.9752433,116.3293866,2008-05-04 10:29:54
82,40.013316,116.32447,2009-05-13 14:12:49
62,39.9750599,116.3217949,2007-12-19 01:11:42
124,37.276736,95.687013,2008-10-02 15:51:45
167,39.96958,116.420873,2008-05-30 05:03:10
130,40.00673,116.340187,2009-09-12 22:13:21
153,40.245031,116.138545,2010-05-14 11:04:47
17,40.0213899,116.3528283,2009-04-04 02:47:48
64,39.975423,116.32808,2008-08-28 10:21:30
163,42.466041,117.269176,2010-08-07 03:23:58
128,30.8248883,116.89345,2010-02-08 07:56:05
17,39.9770216,116.3479549,2008-11-23 15:27:19
10,39.85274,116.335251,2008-06-17 11:20:18
168,34.307718,108.758676,2011-07-31 01:32:04
13,38.88598,121.543708,2009-01-28 09:20:53
52,39.986739,116.377506,2008-07-10 00:08:25
5,40.011359,116.321372,2008-10-30 13:15:48
153,25.518999,110.06641,2010-12-25 02:40:42
25,39.9865166,116.3028283,2009-06-26 14:27:09
17,39.9176683,116.2687866,2009-03-06 07:47:02
156,39.865358,116.492915,2009-07-11 02:02:55
34,39.8886099,116.3450666,2009-02-18 04:15:20
10,37.705383,114.571909,2008-09-28 16:10:19
12,41.590515,125.896545,2008-09-30 07:26:36
9,40.003323,116.34317,2008-12-01 13:41:06
8,39.96649,116.331069,2008-12-06 10:50:37
144,7.745141,98.373598,2009-03-24 05:14:35
